exercise_id,exercise_name,muscle_group,source_packages,risk_regions,movement_patterns,max_priority,suggested_contraindications,suggested_pain_limitation_tags,suggested_regressions,suggested_equivalent_substitutes,suggested_progressions,suggested_equipment,conflict_notes,reviewer_status,reviewer_notes
"606fe07b-7696-428d-91b3-012863ca5554","Desenvolvimento Arnold em Pé","ombro","high_risk; risk_regions","shoulder","empurrar_vertical","P1","acute_shoulder_pain; painful_overhead_press; shoulder_impingement; overhead_limitation","shoulder_pain; shoulder_impingement; overhead_limitation; painful_pressing_rom","Elevação Lateral Halteres; Face Pull Corda; Manguito Externo","Desenvolvimento Máquina; Desenvolvimento Neutro Máquina; Desenvolvimento Unilateral Landmine","Progredir reps antes de carga; carga só sem dor e técnica limpa; ROM indolor; controle escapular","dumbbells","","needs_review","Consolidado de: high_risk, risk_regions"
"4834bdde-5c05-47d1-94b3-9cdecd81fd62","Desenvolvimento Arnold Sentado","ombro","high_risk; risk_regions","shoulder","empurrar_vertical","P1","acute_shoulder_pain; painful_overhead_press; shoulder_impingement; overhead_limitation","shoulder_pain; shoulder_impingement; overhead_limitation; painful_pressing_rom","Elevação Lateral Halteres; Face Pull Corda; Manguito Externo","Desenvolvimento Máquina; Desenvolvimento Neutro Máquina; Desenvolvimento Unilateral Landmine","Progredir reps antes de carga; carga só sem dor e técnica limpa; ROM indolor; controle escapular","dumbbells","","needs_review","Consolidado de: high_risk, risk_regions"
"7c4dd9a3-c6c2-4e9a-a896-42b7c9911ade","Desenvolvimento Barra Sentado","ombro","high_risk; risk_regions","cervical; shoulder","empurrar_vertical","P1","acute_shoulder_pain; painful_overhead_press; shoulder_impingement; overhead_limitation","shoulder_pain; shoulder_impingement; overhead_limitation; cervical_pain; painful_pressing_rom","Elevação Lateral Halteres; Face Pull Corda; Manguito Externo","Desenvolvimento Máquina; Desenvolvimento Neutro Máquina; Desenvolvimento Unilateral Landmine","Progredir reps antes de carga; carga só sem dor e técnica limpa; ROM indolor; controle escapular","barbell","Multiplas regioes de risco: shoulder/cervical","needs_review","Consolidado de: high_risk, risk_regions"
"e9356e80-6f25-4ac7-bce7-afc652825220","Desenvolvimento Halteres em Pé","ombro","high_risk; risk_regions","shoulder","empurrar_vertical","P1","acute_shoulder_pain; painful_overhead_press; shoulder_impingement; overhead_limitation","shoulder_pain; shoulder_impingement; overhead_limitation; painful_pressing_rom","Elevação Lateral Halteres; Face Pull Corda; Manguito Externo","Desenvolvimento Máquina; Desenvolvimento Unilateral Landmine; Desenvolvimento Neutro Máquina","Progredir reps antes de carga; carga só sem dor e técnica limpa; ROM indolor; controle escapular","dumbbells","","needs_review","Consolidado de: high_risk, risk_regions"
"f65e178d-2fb9-467d-8ec7-153df01be7bb","Desenvolvimento Halteres Sentado","ombro","high_risk; risk_regions","shoulder","empurrar_vertical","P1","acute_shoulder_pain; painful_overhead_press; shoulder_impingement; overhead_limitation","shoulder_pain; shoulder_impingement; overhead_limitation; painful_pressing_rom","Elevação Lateral Halteres; Face Pull Corda; Manguito Externo","Desenvolvimento Máquina; Desenvolvimento Neutro Máquina; Desenvolvimento Unilateral Landmine","Progredir reps antes de carga; carga só sem dor e técnica limpa; ROM indolor; controle escapular","dumbbells","","needs_review","Consolidado de: high_risk, risk_regions"
"e1ff0905-955b-4bf7-95c6-1b72dbfa34ff","Desenvolvimento Máquina","ombro","high_risk; movement_pattern_minimum; risk_regions","shoulder","empurrar_vertical","P1","acute_shoulder_pain; painful_overhead_press; overhead_limitation; shoulder_impingement","shoulder_pain; overhead_limitation; shoulder_impingement; painful_pressing_rom","Elevação Lateral Máquina; Face Pull Corda; Manguito Externo; Elevação Lateral Halteres","Desenvolvimento Neutro Máquina; Desenvolvimento Unilateral Landmine; Desenvolvimento Máquina","Progredir reps antes de carga; carga só sem dor; ROM indolor; controle escapular","machine","Aparece como ALTO RISCO e tambem como candidato seguro - util, mas exige cautela/contraindication","needs_review","Consolidado de: high_risk, movement_pattern_minimum, risk_regions"
"bf14a53d-23ee-4db4-a46e-07e149e66454","Desenvolvimento Militar","ombro","high_risk; risk_regions","cervical; shoulder","empurrar_vertical","P1","acute_shoulder_pain; painful_overhead_press; shoulder_impingement; overhead_limitation","shoulder_pain; shoulder_impingement; overhead_limitation; cervical_pain; painful_pressing_rom","Elevação Lateral Halteres; Face Pull Corda; Manguito Externo","Desenvolvimento Máquina; Desenvolvimento Neutro Máquina; Desenvolvimento Unilateral Landmine","Progredir reps antes de carga; carga só sem dor e técnica limpa; ROM indolor; controle escapular","barbell","Multiplas regioes de risco: shoulder/cervical","needs_review","Consolidado de: high_risk, risk_regions"
"48ece7af-de72-45c1-bdf4-27a7ff2f3209","Desenvolvimento Neutro em Pé","ombro","high_risk; risk_regions","shoulder","empurrar_vertical","P1","acute_shoulder_pain; painful_overhead_press; shoulder_impingement; overhead_limitation","shoulder_pain; shoulder_impingement; overhead_limitation; painful_pressing_rom","Elevação Lateral Halteres; Face Pull Corda; Manguito Externo","Desenvolvimento Máquina; Desenvolvimento Neutro Máquina; Desenvolvimento Unilateral Landmine","Progredir reps antes de carga; carga só sem dor e técnica limpa; ROM indolor; controle escapular","dumbbells","","needs_review","Consolidado de: high_risk, risk_regions"
"77208e72-8b6f-4fdc-99ca-42a18e2889d6","Desenvolvimento Neutro Halteres Sentado","ombro","high_risk; risk_regions","shoulder","empurrar_vertical","P1","acute_shoulder_pain; painful_overhead_press; shoulder_impingement; overhead_limitation","shoulder_pain; shoulder_impingement; overhead_limitation; painful_pressing_rom","Elevação Lateral Halteres; Face Pull Corda; Manguito Externo","Desenvolvimento Neutro Máquina; Desenvolvimento Máquina; Desenvolvimento Unilateral Landmine","Progredir reps antes de carga; carga só sem dor e técnica limpa; ROM indolor; controle escapular","dumbbells","","needs_review","Consolidado de: high_risk, risk_regions"
"7f9fbd65-d234-4b84-b198-faca46343915","Desenvolvimento Neutro Máquina","ombro","high_risk; movement_pattern_minimum; risk_regions","shoulder","empurrar_vertical","P1","acute_shoulder_pain; painful_overhead_press; overhead_limitation; shoulder_impingement","shoulder_pain; overhead_limitation; shoulder_impingement; painful_pressing_rom","Elevação Lateral Máquina; Face Pull Corda; Manguito Externo; Elevação Lateral Halteres","Desenvolvimento Máquina; Desenvolvimento Unilateral Landmine; Desenvolvimento Neutro Máquina","Progredir reps antes de carga; carga só sem dor; ROM indolor; controle escapular","machine","Aparece como ALTO RISCO e tambem como candidato seguro - util, mas exige cautela/contraindication","needs_review","Consolidado de: high_risk, movement_pattern_minimum, risk_regions"
"a863ae76-f3e6-42c0-9757-26e7e1a111a7","Desenvolvimento Sentado Smith","ombro","high_risk; risk_regions","cervical; shoulder","empurrar_vertical","P1","acute_shoulder_pain; painful_overhead_press; shoulder_impingement; overhead_limitation","shoulder_pain; shoulder_impingement; overhead_limitation; cervical_pain; painful_pressing_rom","Elevação Lateral Halteres; Face Pull Corda; Manguito Externo","Desenvolvimento Máquina; Desenvolvimento Neutro Máquina; Desenvolvimento Unilateral Landmine","Progredir reps antes de carga; carga só sem dor e técnica limpa; ROM indolor; controle escapular","machine","Multiplas regioes de risco: shoulder/cervical","needs_review","Consolidado de: high_risk, risk_regions"
"e54dd5b2-99cf-4648-9885-6cd19d03f9d9","Desenvolvimento Unilateral Landmine","ombro","high_risk; movement_pattern_minimum; risk_regions","shoulder","empurrar_vertical","P1","acute_shoulder_pain; painful_overhead_press; overhead_limitation; shoulder_impingement","shoulder_pain; overhead_limitation; shoulder_impingement; painful_pressing_rom","Elevação Lateral Halteres; Face Pull Corda; Manguito Externo","Desenvolvimento Máquina; Desenvolvimento Neutro Máquina; Desenvolvimento Unilateral Landmine","Progredir reps antes de carga; carga só sem dor; sem dor; ROM indolor; controle escapular","barbell","Aparece como ALTO RISCO e tambem como candidato seguro - util, mas exige cautela/contraindication","needs_review","Consolidado de: high_risk, movement_pattern_minimum, risk_regions"
"b1683ec5-c903-4406-a33d-0a03606ac7f5","Agachamento com Desenvolvimento Halteres","quadríceps","high_risk; risk_regions","knee; shoulder","empurrar_vertical; joelho_dominante","P1","acute_shoulder_pain; painful_overhead_press; deep_loaded_knee_flexion; shoulder_impingement; overhead_limitation","shoulder_pain; knee_pain; overhead_limitation; dynamic_valgus; shoulder_impingement; painful_pressing_rom","Desenvolvimento Máquina; Elevação Lateral Halteres; Cadeira Extensora; Elevação Pélvica Máquina; Abdução de Quadril com Miniband; Face Pull Corda; Manguito Externo","Desenvolvimento Máquina; Agachamento Sumô Landmine; Leg Press 45; Leg Press Horizontal; Cadeira Extensora; Desenvolvimento Neutro Máquina; Desenvolvimento Unilateral Landmine","Separar os movimentos; progredir reps antes de carga sem dor; Progredir reps antes de carga; ROM indolor; sem método avançado com dor; controle escapular","dumbbells","Multiplas regioes de risco: knee/shoulder","needs_review","Consolidado de: high_risk, risk_regions"
"c8dfd65e-2b07-405f-a506-311c0995241c","Encolhimento Overhead Barra","trapézio","high_risk; risk_regions","cervical; shoulder","empurrar_vertical; isolado_acessorio","P1","acute_shoulder_pain; painful_overhead_press; overhead_limitation; cervical_pain; shoulder_impingement","shoulder_pain; cervical_pain; overhead_limitation; shoulder_impingement; painful_pressing_rom","Encolhimento Halter; Face Pull Corda; Manguito Externo; Elevação Lateral Halteres","Encolhimento Halter; Encolhimento Smith; Desenvolvimento Máquina; Desenvolvimento Neutro Máquina; Desenvolvimento Unilateral Landmine","Progredir reps antes de carga; carga só sem dor; ROM indolor; controle escapular","barbell","Multiplas regioes de risco: shoulder/cervical","needs_review","Consolidado de: high_risk, risk_regions"
"c7e285f9-ef03-4c45-81ee-635ae58b236f","Encolhimento Overhead Smith","trapézio","high_risk; risk_regions","cervical; shoulder","empurrar_vertical; isolado_acessorio","P1","acute_shoulder_pain; painful_overhead_press; overhead_limitation; cervical_pain; shoulder_impingement","shoulder_pain; cervical_pain; overhead_limitation; shoulder_impingement; painful_pressing_rom","Encolhimento Halter; Face Pull Corda; Manguito Externo; Elevação Lateral Halteres","Encolhimento Smith; Encolhimento Halter; Desenvolvimento Máquina; Desenvolvimento Neutro Máquina; Desenvolvimento Unilateral Landmine","Progredir reps antes de carga; carga só sem dor; ROM indolor; controle escapular","machine","Multiplas regioes de risco: shoulder/cervical","needs_review","Consolidado de: high_risk, risk_regions"
"2345fdf0-2bb7-49c0-839d-1d1bfd3024f8","Levantamento Terra","posterior de coxa","high_risk; risk_regions","hip; low_back","quadril_dominante","P1","acute_low_back_pain; loaded_spinal_flexion; butt_wink; trunk_lean; high_axial_load","low_back_pain; butt_wink; trunk_lean; hip_pain; loaded_spinal_flexion; axial_load","RDL Halteres; Elevação Pélvica Barra; Extensão de Quadril Banco Romano; Perdigueiro Alternado; Prancha Frontal","RDL Barra; RDL Halteres; Elevação Pélvica Barra; Elevação Pélvica Máquina; Mesa Flexora","Progredir reps antes de carga; manter coluna neutra e dor <= 3; manter coluna neutra; dor <= 3","barbell","Multiplas regioes de risco: low_back/hip","needs_review","Consolidado de: high_risk, risk_regions"
"45912e02-399e-4442-8b13-365e834fab4b","Levantamento Terra Sumô","posterior de coxa","high_risk; risk_regions","hip; low_back","quadril_dominante","P1","acute_low_back_pain; loaded_spinal_flexion; butt_wink; trunk_lean; high_axial_load","low_back_pain; butt_wink; trunk_lean; hip_pain; loaded_spinal_flexion; axial_load","RDL Halteres; Elevação Pélvica Barra; Extensão de Quadril Banco Romano; Perdigueiro Alternado; Prancha Frontal","RDL Barra; Elevação Pélvica Barra; Stiff Halteres; RDL Halteres; Elevação Pélvica Máquina; Mesa Flexora","Progredir reps antes de carga; manter coluna neutra e dor <= 3; manter coluna neutra; dor <= 3","barbell","Multiplas regioes de risco: low_back/hip","needs_review","Consolidado de: high_risk, risk_regions"
"cb160be6-90a5-4365-b77c-0ae473917009","Levantamento Terra Sumô Belt Squat","posterior de coxa","high_risk; risk_regions","hip; low_back","quadril_dominante","P1","acute_low_back_pain; loaded_spinal_flexion; butt_wink; trunk_lean; high_axial_load","low_back_pain; butt_wink; trunk_lean; hip_pain; loaded_spinal_flexion; axial_load","RDL Halteres; Elevação Pélvica Máquina; Extensão de Quadril Banco Romano; Perdigueiro Alternado; Prancha Frontal","RDL Belt Squat; Elevação Pélvica Máquina; Stiff Belt Squat; RDL Halteres; Mesa Flexora","Progredir reps antes de carga; manter coluna neutra e dor <= 3; manter coluna neutra; dor <= 3","machine; barbell","Multiplas regioes de risco: low_back/hip","needs_review","Consolidado de: high_risk, risk_regions"
"dc0ad1e1-6d1b-4cec-8e29-1c9ce486097f","Levantamento Terra Sumô com Halter","posterior de coxa","high_risk; risk_regions","hip; low_back","quadril_dominante","P1","acute_low_back_pain; loaded_spinal_flexion; butt_wink; trunk_lean; high_axial_load","low_back_pain; butt_wink; trunk_lean; hip_pain; loaded_spinal_flexion; axial_load","RDL Halteres; Elevação Pélvica Barra; Perdigueiro Alternado; Prancha Frontal; Extensão de Quadril Banco Romano","RDL Halteres; Elevação Pélvica Barra; Stiff Halteres; Elevação Pélvica Máquina; Mesa Flexora","Progredir reps antes de carga; manter coluna neutra e dor <= 3; manter coluna neutra; dor <= 3","dumbbells","Multiplas regioes de risco: low_back/hip","needs_review","Consolidado de: high_risk, risk_regions"
"fa532cec-fd1b-440e-b42e-6d2c0f6ae3fb","Levantamento Terra Sumô Landmine","posterior de coxa","high_risk; risk_regions","hip; low_back","quadril_dominante","P1","acute_low_back_pain; loaded_spinal_flexion; butt_wink; trunk_lean; high_axial_load","low_back_pain; butt_wink; trunk_lean; hip_pain; loaded_spinal_flexion; axial_load","RDL Halteres; Elevação Pélvica Barra; Extensão de Quadril Banco Romano; Perdigueiro Alternado; Prancha Frontal","RDL Barra; Elevação Pélvica Barra; Stiff Halteres; RDL Halteres; Elevação Pélvica Máquina; Mesa Flexora","Progredir reps antes de carga; manter coluna neutra e dor <= 3; manter coluna neutra; dor <= 3","barbell","Multiplas regioes de risco: low_back/hip","needs_review","Consolidado de: high_risk, risk_regions"
"afcab7c3-ba4f-4178-946f-eea2e6969e93","Leg Press 45","quadríceps","movement_pattern_minimum; risk_regions","knee","joelho_dominante","P3","","knee_pain; dynamic_valgus","Leg Press 45 Unilateral; Cadeira Extensora; Elevação Pélvica Máquina; Abdução de Quadril com Miniband","Leg Press Horizontal; Agachamento Hack; Leg Press 45; Cadeira Extensora","Progredir reps antes de carga; ROM indolor; sem método avançado com dor","machine","","needs_review","Consolidado de: movement_pattern_minimum, risk_regions"
"619df5e8-b0fc-4229-ad64-b185e41903ee","Cadeira Extensora","quadríceps","movement_pattern_minimum; risk_regions","knee","joelho_dominante","P3","","knee_pain","Cadeira Extensora Unilateral; Extensora Parcial + Completa Crescente; Cadeira Extensora; Elevação Pélvica Máquina; Abdução de Quadril com Miniband","Leg Press 45; Leg Press Horizontal; Cadeira Extensora","Progredir reps antes de carga; sem dor patelar; ROM indolor; sem método avançado com dor","machine","","needs_review","Consolidado de: movement_pattern_minimum, risk_regions"
"f10d42bd-7127-4b92-9220-bea99cd5d1ee","Leg Press Horizontal","quadríceps","movement_pattern_minimum; risk_regions","knee","joelho_dominante","P3","","knee_pain; dynamic_valgus","Leg Press Horizontal Unilateral; Cadeira Extensora; Elevação Pélvica Máquina; Abdução de Quadril com Miniband","Leg Press 45; Agachamento Hack; Leg Press Horizontal; Cadeira Extensora","Progredir reps antes de carga; ROM indolor; sem método avançado com dor","machine","","needs_review","Consolidado de: movement_pattern_minimum, risk_regions"
"9a07c179-37e8-4d8f-9ae9-0f399b1624b2","Mesa Flexora","posterior de coxa","movement_pattern_minimum; risk_regions","low_back","quadril_dominante","P3","","low_back_pain","Mesa Flexora Unilateral; Cadeira Flexora; Perdigueiro Alternado; Prancha Frontal; Extensão de Quadril Banco Romano","Cadeira Flexora; Flexora na Bola; RDL Halteres; Elevação Pélvica Máquina; Mesa Flexora","Progredir reps antes de carga; controlar excêntrica; manter coluna neutra; dor <= 3","machine","","needs_review","Consolidado de: movement_pattern_minimum, risk_regions"
"961f2121-1053-4f1f-9376-86f21cb9e68b","Cadeira Flexora","posterior de coxa","movement_pattern_minimum; risk_regions","low_back","quadril_dominante","P3","","low_back_pain","Cadeira Flexora Unilateral; Perdigueiro Alternado; Prancha Frontal; Extensão de Quadril Banco Romano","Mesa Flexora; RDL Halteres; Elevação Pélvica Máquina","Progredir reps antes de carga; manter coluna neutra; dor <= 3","machine","","needs_review","Consolidado de: movement_pattern_minimum, risk_regions"
"d2e55bc6-411a-4ca9-8b6f-8fb86e8099b8","Elevação Pélvica Máquina","glúteo","movement_pattern_minimum","low_back","quadril_dominante","P3","","low_back_pain","Elevação Pélvica Unilateral Máquina; Extensão de Quadril Banco Romano","Elevação Pélvica Barra","Progredir reps antes de carga; pelve neutra","machine","","needs_review","Consolidado de: movement_pattern_minimum"
"05f95cd1-0819-458e-ba2a-f4431d7816e5","Supino Reto Máquina","peitoral","movement_pattern_minimum; risk_regions","shoulder","empurrar_horizontal","P2","","shoulder_pain; shoulder_impingement; scapular_control","Voador; Crucifixo Reto Halteres; Elevação Lateral Halteres; Face Pull Corda; Manguito Externo","Supino Inclinado Máquina; Supino Reto Halteres; Supino Reto Máquina; Voador","Progredir reps antes de carga; escápulas firmes; ROM indolor; controle escapular","machine","","needs_review","Consolidado de: movement_pattern_minimum, risk_regions"
"be15aca9-9af9-4e55-8c54-288689feb7cd","Supino Inclinado Máquina","peitoral","movement_pattern_minimum; risk_regions","shoulder","empurrar_horizontal","P2","","shoulder_pain; shoulder_impingement; scapular_control","Voador; Crucifixo Inclinado Halteres; Elevação Lateral Halteres; Face Pull Corda; Manguito Externo","Supino Reto Máquina; Supino Inclinado Máquina; Voador","Progredir reps antes de carga; escápulas firmes; ROM indolor; controle escapular","machine","","needs_review","Consolidado de: movement_pattern_minimum, risk_regions"
"316c9693-ce56-4b3b-b31e-f4316f75e70c","Voador","peitoral","movement_pattern_minimum; risk_regions","shoulder","empurrar_horizontal; isolado_acessorio","P2","","shoulder_pain; scapular_control","Crucifixo Reto Halteres; Elevação Lateral Halteres; Face Pull Corda; Manguito Externo","Supino Reto Máquina; Elevação Lateral Halteres; Face Pull Corda; Manguito Externo","Progredir reps antes de carga; sem dor; ROM indolor; controle escapular","machine","","needs_review","Consolidado de: movement_pattern_minimum, risk_regions"
"0db0d50d-5d72-4ade-97f2-3ec1c64218d8","Remada Baixa Neutra","costas","movement_pattern_minimum","low_back; shoulder","puxar_horizontal","P3","","shoulder_pain; low_back_pain","Remada Polia Média Corda; Remada Polia Alta","Remada Cavalinho Máquina Neutra","Progredir reps antes de carga; tronco estável","cable","Multiplas regioes de risco: shoulder/low_back","needs_review","Consolidado de: movement_pattern_minimum"
"f0705159-aa86-407c-a27e-170374012831","Remada Cavalinho Máquina Neutra","costas","movement_pattern_minimum","shoulder","puxar_horizontal","P3","","shoulder_pain","Remada Baixa Neutra","Remada Polia Média Corda","Progredir reps antes de carga","machine","","needs_review","Consolidado de: movement_pattern_minimum"
"0a011510-cb86-42bd-b96b-692c38e3ee4c","Remada Polia Média Corda","costas","movement_pattern_minimum","shoulder","puxar_horizontal","P3","","shoulder_pain","Remada Baixa Neutra","Remada Cavalinho Máquina Neutra","Progredir reps antes de carga","cable","","needs_review","Consolidado de: movement_pattern_minimum"
"3b59a032-f393-479c-b31f-e9059390c3da","Puxada Neutra Polia","costas","movement_pattern_minimum","cervical; shoulder","puxar_vertical","P3","","shoulder_pain; cervical_pain","Graviton Neutro; Puxada Neutra Unilateral","Pulldown barra","Progredir reps antes de carga; sem dor","cable","Multiplas regioes de risco: shoulder/cervical","needs_review","Consolidado de: movement_pattern_minimum"
"afbe8bbe-2cf2-4404-a609-7c9647ec3eeb","Pulldown barra","costas","movement_pattern_minimum","cervical; shoulder","puxar_vertical","P3","","shoulder_pain; cervical_pain","Graviton Pronado; Pulldown Corda","Puxada Neutra Polia","Progredir reps antes de carga; sem dor","cable","Multiplas regioes de risco: shoulder/cervical","needs_review","Consolidado de: movement_pattern_minimum"
"3bcfa19a-aad9-4cad-aae5-a11711f8d431","Graviton Neutro","costas","movement_pattern_minimum","shoulder","puxar_vertical","P3","","shoulder_pain","","Puxada Neutra Polia","Reduzir assistência progressivamente","machine","Sugestao(oes) sem exercicio real movida(s) p/ revisao: (já assistido — regressão da barra)","needs_review","Consolidado de: movement_pattern_minimum"
"e5ffe3e1-2757-4ed7-ba87-a745d9a96c5d","Prancha Frontal","abdômen","movement_pattern_minimum","","core","P3","","","","Perdigueiro Alternado","Aumentar tempo sob tensão; depois alavanca","bodyweight","Sugestao(oes) sem exercicio real movida(s) p/ revisao: Prancha Alta (joelhos apoiados)","needs_review","Consolidado de: movement_pattern_minimum"
"44f1aea6-0474-49fb-ad57-2092f121036f","Prancha Lateral","abdômen","movement_pattern_minimum","","core","P3","","","","Prancha de Copenhagen","Aumentar tempo; depois adicionar abdução","bodyweight","Sugestao(oes) sem exercicio real movida(s) p/ revisao: Prancha Lateral com joelhos apoiados","needs_review","Consolidado de: movement_pattern_minimum"
"f6691114-2900-44af-909e-e966957f1372","Perdigueiro Alternado","abdômen","movement_pattern_minimum","","core","P3","","","","Prancha Frontal","Aumentar amplitude/controle; depois carga leve","bodyweight","Sugestao(oes) sem exercicio real movida(s) p/ revisao: (corretivo leve — base)","needs_review","Consolidado de: movement_pattern_minimum"
"75be10d2-4087-4b4d-9a88-c04f9bdb1a30","Afundo Halteres","quadríceps","movement_pattern_minimum; risk_regions","knee","joelho_dominante; unilateral","P2","","knee_pain; dynamic_valgus","Step Up Halteres; Agachamento Búlgaro com Apoio; Cadeira Extensora; Elevação Pélvica Máquina; Abdução de Quadril com Miniband","Passada Halteres; Leg Press 45; Leg Press Horizontal; Cadeira Extensora","Progredir carga só com equilíbrio e sem dor; Progredir reps antes de carga; ROM indolor; sem método avançado com dor","dumbbells","","needs_review","Consolidado de: movement_pattern_minimum, risk_regions"
"d91a1c63-de51-4a7f-a42c-23f5911c18f9","Agachamento Búlgaro com Apoio","quadríceps","movement_pattern_minimum; risk_regions","knee","joelho_dominante; unilateral","P2","","knee_pain; dynamic_valgus","Step Up Halteres; Cadeira Extensora; Elevação Pélvica Máquina; Abdução de Quadril com Miniband","Afundo Halteres; Leg Press 45; Leg Press Horizontal; Cadeira Extensora","Progredir reps antes de carga; sem dor; ROM indolor; sem método avançado com dor","dumbbells","","needs_review","Consolidado de: movement_pattern_minimum, risk_regions"
"88194a44-bee6-4693-a1a6-73d5e80aaaff","Step Up Halteres","quadríceps","movement_pattern_minimum; risk_regions","knee","joelho_dominante; unilateral","P2","","knee_pain; dynamic_valgus","Cadeira Extensora; Elevação Pélvica Máquina; Abdução de Quadril com Miniband","Afundo Halteres; Leg Press 45; Leg Press Horizontal; Cadeira Extensora","Aumentar altura do step / carga sem dor; Progredir reps antes de carga; ROM indolor; sem método avançado com dor","dumbbells","Sugestao(oes) sem exercicio real movida(s) p/ revisao: (reduzir altura do step)","needs_review","Consolidado de: movement_pattern_minimum, risk_regions"
"15968ffd-1b58-4859-b181-a8b9485a853c","Elevação Lateral Halteres","ombro","movement_pattern_minimum; risk_regions","shoulder","isolado_acessorio","P3","","shoulder_pain","Elevação Lateral Máquina; Elevação Lateral Halteres; Face Pull Corda; Manguito Externo","Elevação Lateral Polia; Elevação Lateral Halteres; Face Pull Corda; Manguito Externo","Progredir reps antes de carga; ROM indolor; controle escapular","dumbbells","","needs_review","Consolidado de: movement_pattern_minimum, risk_regions"
"991faa49-4ce9-4bb9-975b-315f78efa964","Rosca Direta Halteres","bíceps","movement_pattern_minimum","wrist","isolado_acessorio","P3","","wrist_pain","Rosca Direta Polia Corda","Rosca Direta Barra W","Progredir reps antes de carga","dumbbells","","needs_review","Consolidado de: movement_pattern_minimum"
"3cc40978-bc88-4d1c-88b4-670d761db741","Tríceps Polia Corda","tríceps","movement_pattern_minimum","wrist","isolado_acessorio","P3","","wrist_pain","Tríceps Polia Barra","Tríceps Testa Halteres Banco Reto","Progredir reps antes de carga","cable","","needs_review","Consolidado de: movement_pattern_minimum"
"78b51c57-8c6b-4aba-8696-0716caaa3e9c","Afundo Barra Livre","quadríceps","risk_regions","knee","joelho_dominante","P2","","knee_pain; dynamic_valgus","Cadeira Extensora; Elevação Pélvica Máquina; Abdução de Quadril com Miniband","Leg Press 45; Leg Press Horizontal; Cadeira Extensora","Progredir reps antes de carga; ROM indolor; sem método avançado com dor","barbell","","needs_review","Consolidado de: risk_regions"
"75a0be3c-782a-43bd-b622-51bb4c2def59","Afundo Halteres com 2 Steps","quadríceps","risk_regions","knee","joelho_dominante","P2","","knee_pain; dynamic_valgus","Cadeira Extensora; Elevação Pélvica Máquina; Abdução de Quadril com Miniband","Leg Press 45; Leg Press Horizontal; Cadeira Extensora","Progredir reps antes de carga; ROM indolor; sem método avançado com dor","dumbbells","","needs_review","Consolidado de: risk_regions"
"18ca2f96-e70f-4428-b5d6-e20804eb193a","Afundo Halteres com Step na Frente","quadríceps","risk_regions","knee","joelho_dominante","P2","","knee_pain; dynamic_valgus","Cadeira Extensora; Elevação Pélvica Máquina; Abdução de Quadril com Miniband","Leg Press 45; Leg Press Horizontal; Cadeira Extensora","Progredir reps antes de carga; ROM indolor; sem método avançado com dor","dumbbells","","needs_review","Consolidado de: risk_regions"
"1682b804-b531-426d-bb6b-93e5b9b7ceda","Afundo Smith","quadríceps","risk_regions","knee","joelho_dominante","P2","","knee_pain; dynamic_valgus","Cadeira Extensora; Elevação Pélvica Máquina; Abdução de Quadril com Miniband","Leg Press 45; Leg Press Horizontal; Cadeira Extensora","Progredir reps antes de carga; ROM indolor; sem método avançado com dor","machine","","needs_review","Consolidado de: risk_regions"
"02b41ea3-d381-4c67-baec-67c4998ba7a8","Afundo Smith 2 Steps","quadríceps","risk_regions","knee","joelho_dominante","P2","","knee_pain; dynamic_valgus","Cadeira Extensora; Elevação Pélvica Máquina; Abdução de Quadril com Miniband","Leg Press 45; Leg Press Horizontal; Cadeira Extensora","Progredir reps antes de carga; ROM indolor; sem método avançado com dor","machine","","needs_review","Consolidado de: risk_regions"
"9898104c-2955-45b1-a364-661ee61c444d","Afundo Smith com Step na Frente","quadríceps","risk_regions","knee","joelho_dominante","P2","","knee_pain; dynamic_valgus","Cadeira Extensora; Elevação Pélvica Máquina; Abdução de Quadril com Miniband","Leg Press 45; Leg Press Horizontal; Cadeira Extensora","Progredir reps antes de carga; ROM indolor; sem método avançado com dor","machine","","needs_review","Consolidado de: risk_regions"
"c452607e-7dff-463d-adb2-a712059a8d26","Agachamento Búlgaro","quadríceps","risk_regions","knee","joelho_dominante","P2","","knee_pain; dynamic_valgus","Cadeira Extensora; Elevação Pélvica Máquina; Abdução de Quadril com Miniband","Leg Press 45; Leg Press Horizontal; Cadeira Extensora","Progredir reps antes de carga; ROM indolor; sem método avançado com dor","","","needs_review","Consolidado de: risk_regions"
"553c7283-a12a-4407-b23c-1498460c8e87","Agachamento Búlgaro Barra Livre","quadríceps","risk_regions","knee","joelho_dominante","P2","","knee_pain; dynamic_valgus","Cadeira Extensora; Elevação Pélvica Máquina; Abdução de Quadril com Miniband","Leg Press 45; Leg Press Horizontal; Cadeira Extensora","Progredir reps antes de carga; ROM indolor; sem método avançado com dor","barbell","","needs_review","Consolidado de: risk_regions"
"d0c93be9-6ee3-420e-a34e-10ffe077d9f2","Agachamento Búlgaro com Step","quadríceps","risk_regions","knee","joelho_dominante","P2","","knee_pain; dynamic_valgus","Cadeira Extensora; Elevação Pélvica Máquina; Abdução de Quadril com Miniband","Leg Press 45; Leg Press Horizontal; Cadeira Extensora","Progredir reps antes de carga; ROM indolor; sem método avançado com dor","","","needs_review","Consolidado de: risk_regions"
"e9d6bfd4-2980-45b9-beac-855bb6be8c0b","Agachamento Búlgaro Inclinado","quadríceps","risk_regions","knee","joelho_dominante","P2","","knee_pain; dynamic_valgus","Cadeira Extensora; Elevação Pélvica Máquina; Abdução de Quadril com Miniband","Leg Press 45; Leg Press Horizontal; Cadeira Extensora","Progredir reps antes de carga; ROM indolor; sem método avançado com dor","","","needs_review","Consolidado de: risk_regions"
"b09418bb-1aaf-49bf-90d1-7e3276065408","Agachamento Búlgaro Smith","quadríceps","risk_regions","knee","joelho_dominante","P2","","knee_pain; dynamic_valgus","Cadeira Extensora; Elevação Pélvica Máquina; Abdução de Quadril com Miniband","Leg Press 45; Leg Press Horizontal; Cadeira Extensora","Progredir reps antes de carga; ROM indolor; sem método avançado com dor","machine","","needs_review","Consolidado de: risk_regions"
"7a8976b1-789e-4ea7-b499-8b81ece87d25","Agachamento Cálice","quadríceps","risk_regions","knee","joelho_dominante","P2","","knee_pain; dynamic_valgus","Cadeira Extensora; Elevação Pélvica Máquina; Abdução de Quadril com Miniband","Leg Press 45; Leg Press Horizontal; Cadeira Extensora","Progredir reps antes de carga; ROM indolor; sem método avançado com dor","","","needs_review","Consolidado de: risk_regions"
"6950cec4-2d21-40e1-992c-0e0a11ba5d38","Agachamento Cálice Banco","quadríceps","risk_regions","knee","joelho_dominante","P2","","knee_pain; dynamic_valgus","Cadeira Extensora; Elevação Pélvica Máquina; Abdução de Quadril com Miniband","Leg Press 45; Leg Press Horizontal; Cadeira Extensora","Progredir reps antes de carga; ROM indolor; sem método avançado com dor","","","needs_review","Consolidado de: risk_regions"
"6bc152db-68b2-4629-99bf-719ab3f060bd","Agachamento Front Squat","quadríceps","risk_regions","knee","joelho_dominante","P2","","knee_pain; dynamic_valgus","Cadeira Extensora; Elevação Pélvica Máquina; Abdução de Quadril com Miniband","Leg Press 45; Leg Press Horizontal; Cadeira Extensora","Progredir reps antes de carga; ROM indolor; sem método avançado com dor","","","needs_review","Consolidado de: risk_regions"
"faa0a8a1-a84f-42f9-b234-8286d1c46912","Agachamento Frontal Com 2 Halteres","quadríceps","risk_regions","knee","joelho_dominante","P2","","knee_pain; dynamic_valgus","Cadeira Extensora; Elevação Pélvica Máquina; Abdução de Quadril com Miniband","Leg Press 45; Leg Press Horizontal; Cadeira Extensora","Progredir reps antes de carga; ROM indolor; sem método avançado com dor","dumbbells","","needs_review","Consolidado de: risk_regions"
"ba5cc0fa-5df4-41c9-8bf1-fce04648ec6f","Agachamento Hack","quadríceps","risk_regions","knee","joelho_dominante","P2","","knee_pain; dynamic_valgus","Cadeira Extensora; Elevação Pélvica Máquina; Abdução de Quadril com Miniband","Leg Press 45; Leg Press Horizontal; Cadeira Extensora","Progredir reps antes de carga; ROM indolor; sem método avançado com dor","","","needs_review","Consolidado de: risk_regions"
"b62d4d38-20bb-4873-a61f-95f5b3dc0b92","Agachamento Hack Angular","quadríceps","risk_regions","knee","joelho_dominante","P2","","knee_pain; dynamic_valgus","Cadeira Extensora; Elevação Pélvica Máquina; Abdução de Quadril com Miniband","Leg Press 45; Leg Press Horizontal; Cadeira Extensora","Progredir reps antes de carga; ROM indolor; sem método avançado com dor","","","needs_review","Consolidado de: risk_regions"
"3e192862-ed2e-4063-b6f9-13b433844cf8","Agachamento Livre","quadríceps","risk_regions","knee","joelho_dominante","P1","acute_knee_pain; deep_loaded_knee_flexion","knee_pain; dynamic_valgus; deep_loaded_knee_flexion","Cadeira Extensora; Elevação Pélvica Máquina; Abdução de Quadril com Miniband","Leg Press 45; Leg Press Horizontal; Cadeira Extensora","Progredir reps antes de carga; ROM indolor; sem método avançado com dor","bodyweight","","needs_review","Consolidado de: risk_regions"
"f6f1683c-2e7c-4e75-b268-89803b22e6ac","Agachamento Livre com Banco","quadríceps","risk_regions","knee","joelho_dominante","P1","acute_knee_pain; deep_loaded_knee_flexion","knee_pain; dynamic_valgus; deep_loaded_knee_flexion","Cadeira Extensora; Elevação Pélvica Máquina; Abdução de Quadril com Miniband","Leg Press 45; Leg Press Horizontal; Cadeira Extensora","Progredir reps antes de carga; ROM indolor; sem método avançado com dor","bodyweight","","needs_review","Consolidado de: risk_regions"
"59a8c0a7-e25a-4f86-aedc-232ee1622301","Agachamento no Banco Smith","quadríceps","risk_regions","knee","joelho_dominante","P2","","knee_pain; dynamic_valgus","Cadeira Extensora; Elevação Pélvica Máquina; Abdução de Quadril com Miniband","Leg Press 45; Leg Press Horizontal; Cadeira Extensora","Progredir reps antes de carga; ROM indolor; sem método avançado com dor","machine","","needs_review","Consolidado de: risk_regions"
"ec82da9b-8652-4a1d-a570-8aafdda2c2c9","Agachamento Smith","quadríceps","risk_regions","knee","joelho_dominante","P2","","knee_pain; dynamic_valgus","Cadeira Extensora; Elevação Pélvica Máquina; Abdução de Quadril com Miniband","Leg Press 45; Leg Press Horizontal; Cadeira Extensora","Progredir reps antes de carga; ROM indolor; sem método avançado com dor","machine","","needs_review","Consolidado de: risk_regions"
"9476d942-f358-4ea6-87ff-ae031adf98e1","Agachamento Sumô Belt Squat","quadríceps","risk_regions","knee","joelho_dominante","P2","","knee_pain; dynamic_valgus","Cadeira Extensora; Elevação Pélvica Máquina; Abdução de Quadril com Miniband","Leg Press 45; Leg Press Horizontal; Cadeira Extensora","Progredir reps antes de carga; ROM indolor; sem método avançado com dor","barbell","","needs_review","Consolidado de: risk_regions"
"df795cb5-06d1-49a9-848f-ac7b186ff807","Agachamento Sumô Halter","quadríceps","risk_regions","knee","joelho_dominante","P2","","knee_pain; dynamic_valgus","Cadeira Extensora; Elevação Pélvica Máquina; Abdução de Quadril com Miniband","Leg Press 45; Leg Press Horizontal; Cadeira Extensora","Progredir reps antes de carga; ROM indolor; sem método avançado com dor","dumbbells","","needs_review","Consolidado de: risk_regions"
"64b2b71e-49e4-4792-b63e-fd105879e0ac","Agachamento Sumô Landmine","quadríceps","risk_regions","knee","joelho_dominante","P2","","knee_pain; dynamic_valgus","Cadeira Extensora; Elevação Pélvica Máquina; Abdução de Quadril com Miniband","Leg Press 45; Leg Press Horizontal; Cadeira Extensora","Progredir reps antes de carga; ROM indolor; sem método avançado com dor","barbell","","needs_review","Consolidado de: risk_regions"
"1c97bc1e-2dfe-4f83-b329-49ca21a8350a","Biset Extensora + Nórdico Reverso","quadríceps","risk_regions","knee","joelho_dominante","P3","","knee_pain","Cadeira Extensora; Elevação Pélvica Máquina; Abdução de Quadril com Miniband","Leg Press 45; Leg Press Horizontal; Cadeira Extensora","Progredir reps antes de carga; ROM indolor; sem método avançado com dor","bodyweight","","needs_review","Consolidado de: risk_regions"
"81a10f69-c409-40f5-b41c-e50436b7ca50","Cadeira Extensora Unilateral","quadríceps","risk_regions","knee","joelho_dominante","P3","","knee_pain","Cadeira Extensora; Elevação Pélvica Máquina; Abdução de Quadril com Miniband","Leg Press 45; Leg Press Horizontal; Cadeira Extensora","Progredir reps antes de carga; ROM indolor; sem método avançado com dor","machine","","needs_review","Consolidado de: risk_regions"
"6b696ad3-5a7b-49e6-aacd-19de3a190056","Extensora com Alongamento Entre Séries","quadríceps","risk_regions","knee","joelho_dominante","P3","","knee_pain","Cadeira Extensora; Elevação Pélvica Máquina; Abdução de Quadril com Miniband","Leg Press 45; Leg Press Horizontal; Cadeira Extensora","Progredir reps antes de carga; ROM indolor; sem método avançado com dor","bodyweight","","needs_review","Consolidado de: risk_regions"
"fc958ce0-b6b5-4a54-bd3d-74b8828a56e2","Extensora Completa + Parcial Embaixo","quadríceps","risk_regions","knee","joelho_dominante","P3","","knee_pain","Cadeira Extensora; Elevação Pélvica Máquina; Abdução de Quadril com Miniband","Leg Press 45; Leg Press Horizontal; Cadeira Extensora","Progredir reps antes de carga; ROM indolor; sem método avançado com dor","","","needs_review","Consolidado de: risk_regions"
"fdab544b-3538-4dda-8a80-c438556da597","Extensora Parcial + Completa Crescente","quadríceps","risk_regions","knee","joelho_dominante","P3","","knee_pain","Cadeira Extensora; Elevação Pélvica Máquina; Abdução de Quadril com Miniband","Leg Press 45; Leg Press Horizontal; Cadeira Extensora","Progredir reps antes de carga; ROM indolor; sem método avançado com dor","","","needs_review","Consolidado de: risk_regions"
"be707dcf-d4cc-4788-8d23-551f5730e971","Flexão Aberta com Apoio do Joelho","peitoral","risk_regions","knee; shoulder","empurrar_horizontal; joelho_dominante","P2","","knee_pain; dynamic_valgus; shoulder_pain; scapular_control","Cadeira Extensora; Elevação Pélvica Máquina; Abdução de Quadril com Miniband; Elevação Lateral Halteres; Face Pull Corda; Manguito Externo","Leg Press 45; Leg Press Horizontal; Cadeira Extensora; Supino Reto Máquina; Supino Inclinado Máquina; Voador","Progredir reps antes de carga; ROM indolor; sem método avançado com dor; controle escapular","bodyweight","Multiplas regioes de risco: knee/shoulder","needs_review","Consolidado de: risk_regions"
"866f6e15-312c-49b5-972a-4caefaccf5da","Leg Press 45 Unilateral","quadríceps","risk_regions","knee","joelho_dominante","P3","","knee_pain","Cadeira Extensora; Elevação Pélvica Máquina; Abdução de Quadril com Miniband","Leg Press 45; Leg Press Horizontal; Cadeira Extensora","Progredir reps antes de carga; ROM indolor; sem método avançado com dor","machine","","needs_review","Consolidado de: risk_regions"
"f2210012-5c3a-4e03-b55b-2afee7bdacb0","Leg Press Deitado","quadríceps","risk_regions","knee","joelho_dominante","P3","","knee_pain","Cadeira Extensora; Elevação Pélvica Máquina; Abdução de Quadril com Miniband","Leg Press 45; Leg Press Horizontal; Cadeira Extensora","Progredir reps antes de carga; ROM indolor; sem método avançado com dor","machine","","needs_review","Consolidado de: risk_regions"
"386edcd5-cc32-45d2-b065-db84adf8ada1","Leg Press Horizontal Unilateral","quadríceps","risk_regions","knee","joelho_dominante","P3","","knee_pain","Cadeira Extensora; Elevação Pélvica Máquina; Abdução de Quadril com Miniband","Leg Press 45; Leg Press Horizontal; Cadeira Extensora","Progredir reps antes de carga; ROM indolor; sem método avançado com dor","machine","","needs_review","Consolidado de: risk_regions"
"f85f0d88-fd73-474b-83ac-7b0c2b376ebf","Leg Press Unilateral Placas Separadas","quadríceps","risk_regions","knee","joelho_dominante","P3","","knee_pain","Cadeira Extensora; Elevação Pélvica Máquina; Abdução de Quadril com Miniband","Leg Press 45; Leg Press Horizontal; Cadeira Extensora","Progredir reps antes de carga; ROM indolor; sem método avançado com dor","machine","","needs_review","Consolidado de: risk_regions"
"672c0d1e-59af-46c1-b3ec-d3135a745b1b","Nórdico Reverso","quadríceps","risk_regions","knee","joelho_dominante","P2","","knee_pain; dynamic_valgus","Cadeira Extensora; Elevação Pélvica Máquina; Abdução de Quadril com Miniband","Leg Press 45; Leg Press Horizontal; Cadeira Extensora","Progredir reps antes de carga; ROM indolor; sem método avançado com dor","bodyweight","","needs_review","Consolidado de: risk_regions"
"0c28726e-c6d5-4df2-9056-a0f0f8499264","Passada Barra","quadríceps","risk_regions","knee","joelho_dominante","P2","","knee_pain; dynamic_valgus","Cadeira Extensora; Elevação Pélvica Máquina; Abdução de Quadril com Miniband","Leg Press 45; Leg Press Horizontal; Cadeira Extensora","Progredir reps antes de carga; ROM indolor; sem método avançado com dor","barbell","","needs_review","Consolidado de: risk_regions"
"4161c89d-9db9-473f-97ca-acf4ac83b968","Passada Halteres","quadríceps","risk_regions","knee","joelho_dominante","P2","","knee_pain; dynamic_valgus","Cadeira Extensora; Elevação Pélvica Máquina; Abdução de Quadril com Miniband","Leg Press 45; Leg Press Horizontal; Cadeira Extensora","Progredir reps antes de carga; ROM indolor; sem método avançado com dor","dumbbells","","needs_review","Consolidado de: risk_regions"
"fce5642a-088d-40e1-9779-0956e9ed0f99","Prancha Alta com Flexão de Quadril e Joelho na Bola","abdômen","risk_regions","knee","core","P3","","knee_pain","Cadeira Extensora; Elevação Pélvica Máquina; Abdução de Quadril com Miniband","Leg Press 45; Leg Press Horizontal; Cadeira Extensora","Progredir reps antes de carga; ROM indolor; sem método avançado com dor","bodyweight","","needs_review","Consolidado de: risk_regions"
"b1c0882e-f674-473d-a6a4-5f8d1fea2b0f","Recuo Barra Livre","quadríceps","risk_regions","knee","joelho_dominante","P2","","knee_pain; dynamic_valgus","Cadeira Extensora; Elevação Pélvica Máquina; Abdução de Quadril com Miniband","Leg Press 45; Leg Press Horizontal; Cadeira Extensora","Progredir reps antes de carga; ROM indolor; sem método avançado com dor","barbell","","needs_review","Consolidado de: risk_regions"
"53c8b9d0-82ce-4d29-8573-7a337a1da03e","Recuo Halteres","quadríceps","risk_regions","knee","joelho_dominante","P2","","knee_pain; dynamic_valgus","Cadeira Extensora; Elevação Pélvica Máquina; Abdução de Quadril com Miniband","Leg Press 45; Leg Press Horizontal; Cadeira Extensora","Progredir reps antes de carga; ROM indolor; sem método avançado com dor","dumbbells","","needs_review","Consolidado de: risk_regions"
"76540c36-8b73-4400-931a-7b7afc7d9bdd","Recuo Halteres com Step na Frente","quadríceps","risk_regions","knee","joelho_dominante","P2","","knee_pain; dynamic_valgus","Cadeira Extensora; Elevação Pélvica Máquina; Abdução de Quadril com Miniband","Leg Press 45; Leg Press Horizontal; Cadeira Extensora","Progredir reps antes de carga; ROM indolor; sem método avançado com dor","dumbbells","","needs_review","Consolidado de: risk_regions"
"7b60f329-d660-474c-a47f-1780c9c6f03b","Recuo Smith","quadríceps","risk_regions","knee","joelho_dominante","P2","","knee_pain; dynamic_valgus","Cadeira Extensora; Elevação Pélvica Máquina; Abdução de Quadril com Miniband","Leg Press 45; Leg Press Horizontal; Cadeira Extensora","Progredir reps antes de carga; ROM indolor; sem método avançado com dor","machine","","needs_review","Consolidado de: risk_regions"
"3b94a40d-82de-4b73-8758-d7b722a9e771","Recuo Smith com Step na Frente","quadríceps","risk_regions","knee","joelho_dominante","P2","","knee_pain; dynamic_valgus","Cadeira Extensora; Elevação Pélvica Máquina; Abdução de Quadril com Miniband","Leg Press 45; Leg Press Horizontal; Cadeira Extensora","Progredir reps antes de carga; ROM indolor; sem método avançado com dor","machine","","needs_review","Consolidado de: risk_regions"
"50ec90c8-f48d-421b-a38b-23e79a131e18","Step Up Smith","quadríceps","risk_regions","knee","joelho_dominante","P2","","knee_pain; dynamic_valgus","Cadeira Extensora; Elevação Pélvica Máquina; Abdução de Quadril com Miniband","Leg Press 45; Leg Press Horizontal; Cadeira Extensora","Progredir reps antes de carga; ROM indolor; sem método avançado com dor","machine","","needs_review","Consolidado de: risk_regions"
"e06fec69-cded-4629-b5dc-651402331d4c","Supersquat","quadríceps","risk_regions","knee","joelho_dominante","P2","","knee_pain; dynamic_valgus","Cadeira Extensora; Elevação Pélvica Máquina; Abdução de Quadril com Miniband","Leg Press 45; Leg Press Horizontal; Cadeira Extensora","Progredir reps antes de carga; ROM indolor; sem método avançado com dor","","","needs_review","Consolidado de: risk_regions"
"5021e362-3f0e-44fa-aed1-c9e10a2392c0","Supersquat Invertido","quadríceps","risk_regions","knee","joelho_dominante","P2","","knee_pain; dynamic_valgus","Cadeira Extensora; Elevação Pélvica Máquina; Abdução de Quadril com Miniband","Leg Press 45; Leg Press Horizontal; Cadeira Extensora","Progredir reps antes de carga; ROM indolor; sem método avançado com dor","","","needs_review","Consolidado de: risk_regions"
"2dbd7749-f70d-4021-b32c-79feb8e22e6e","Wall Ball Slide","quadríceps","risk_regions","knee","joelho_dominante","P2","","knee_pain; dynamic_valgus","Cadeira Extensora; Elevação Pélvica Máquina; Abdução de Quadril com Miniband","Leg Press 45; Leg Press Horizontal; Cadeira Extensora","Progredir reps antes de carga; ROM indolor; sem método avançado com dor","bodyweight","","needs_review","Consolidado de: risk_regions"
"c6059bf6-c71f-414e-8cdb-60178f7d5405","Along. Dorsal e Quadrado Lombar Unilateral Espaldar","alongamento","risk_regions","low_back","isolado_acessorio","P3","","low_back_pain","Perdigueiro Alternado; Prancha Frontal; Extensão de Quadril Banco Romano","RDL Halteres; Elevação Pélvica Máquina; Mesa Flexora","Progredir reps antes de carga; manter coluna neutra; dor <= 3","barbell","","needs_review","Consolidado de: risk_regions"
"63cb2e5f-8892-48d1-b72c-943e3205cb82","Along. Pigeon com Quadrado Lombar","alongamento","risk_regions","low_back","isolado_acessorio","P3","","low_back_pain","Perdigueiro Alternado; Prancha Frontal; Extensão de Quadril Banco Romano","RDL Halteres; Elevação Pélvica Máquina; Mesa Flexora","Progredir reps antes de carga; manter coluna neutra; dor <= 3","bodyweight","","needs_review","Consolidado de: risk_regions"
"06edd293-b856-47c0-ae91-8e1cc523688f","Along. Posterior Bilateral em Pé","alongamento","risk_regions","low_back","isolado_acessorio","P3","","low_back_pain","Perdigueiro Alternado; Prancha Frontal; Extensão de Quadril Banco Romano","RDL Halteres; Elevação Pélvica Máquina; Mesa Flexora","Progredir reps antes de carga; manter coluna neutra; dor <= 3","bodyweight","","needs_review","Consolidado de: risk_regions"
"4d624a0c-e3a0-40e7-9d2a-4f1b72584c61","Along. Posterior Bilateral Solo","alongamento","risk_regions","low_back","isolado_acessorio","P3","","low_back_pain","Perdigueiro Alternado; Prancha Frontal; Extensão de Quadril Banco Romano","RDL Halteres; Elevação Pélvica Máquina; Mesa Flexora","Progredir reps antes de carga; manter coluna neutra; dor <= 3","bodyweight","","needs_review","Consolidado de: risk_regions"
"8f725656-bb0e-4ed0-9fbb-f0fecfaf6523","Along. Posterior Unilateral Estendido","alongamento","risk_regions","low_back","isolado_acessorio","P3","","low_back_pain","Perdigueiro Alternado; Prancha Frontal; Extensão de Quadril Banco Romano","RDL Halteres; Elevação Pélvica Máquina; Mesa Flexora","Progredir reps antes de carga; manter coluna neutra; dor <= 3","bodyweight","","needs_review","Consolidado de: risk_regions"
"c08df451-d8bb-4923-829b-3ddc21ead3b9","Along. Posterior Unilateral Flexionado","alongamento","risk_regions","low_back","isolado_acessorio","P3","","low_back_pain","Perdigueiro Alternado; Prancha Frontal; Extensão de Quadril Banco Romano","RDL Halteres; Elevação Pélvica Máquina; Mesa Flexora","Progredir reps antes de carga; manter coluna neutra; dor <= 3","bodyweight","","needs_review","Consolidado de: risk_regions"
"5f12d59c-e9e4-4b5d-8014-587b8c9c286b","Along. Posterior Unilateral Solo","alongamento","risk_regions","low_back","isolado_acessorio","P3","","low_back_pain","Perdigueiro Alternado; Prancha Frontal; Extensão de Quadril Banco Romano","RDL Halteres; Elevação Pélvica Máquina; Mesa Flexora","Progredir reps antes de carga; manter coluna neutra; dor <= 3","bodyweight","","needs_review","Consolidado de: risk_regions"
"c916c624-2e7c-40b2-8195-4e5f8a4f2c3c","Bom dia","posterior de coxa","risk_regions","low_back","quadril_dominante","P1","acute_low_back_pain; loaded_spinal_flexion; high_axial_load","low_back_pain; loaded_spinal_flexion; butt_wink; trunk_lean; axial_load","Perdigueiro Alternado; Prancha Frontal; Extensão de Quadril Banco Romano","RDL Halteres; Elevação Pélvica Máquina; Mesa Flexora","Progredir reps antes de carga; manter coluna neutra; dor <= 3","","","needs_review","Consolidado de: risk_regions"
"9c34a520-62bb-4385-b4f4-384ebce408b8","Bom Dia Máquina","posterior de coxa","risk_regions","low_back","quadril_dominante","P1","acute_low_back_pain; loaded_spinal_flexion; high_axial_load","low_back_pain; loaded_spinal_flexion; butt_wink; trunk_lean; axial_load","Perdigueiro Alternado; Prancha Frontal; Extensão de Quadril Banco Romano","RDL Halteres; Elevação Pélvica Máquina; Mesa Flexora","Progredir reps antes de carga; manter coluna neutra; dor <= 3","machine","","needs_review","Consolidado de: risk_regions"
"99a351d1-7fc4-441c-b95c-691e795f26d1","Bom dia Smith","posterior de coxa","risk_regions","low_back","quadril_dominante","P1","acute_low_back_pain; loaded_spinal_flexion; high_axial_load","low_back_pain; loaded_spinal_flexion; butt_wink; trunk_lean; axial_load","Perdigueiro Alternado; Prancha Frontal; Extensão de Quadril Banco Romano","RDL Halteres; Elevação Pélvica Máquina; Mesa Flexora","Progredir reps antes de carga; manter coluna neutra; dor <= 3","machine","","needs_review","Consolidado de: risk_regions"
"ae13d351-7019-4b7d-b0e6-cea4b8fea50d","Cadeira Flexora com Flexão de Quadril","posterior de coxa","risk_regions","low_back","quadril_dominante","P3","","low_back_pain","Perdigueiro Alternado; Prancha Frontal; Extensão de Quadril Banco Romano","RDL Halteres; Elevação Pélvica Máquina; Mesa Flexora","Progredir reps antes de carga; manter coluna neutra; dor <= 3","machine","","needs_review","Consolidado de: risk_regions"
"4a8b14bf-d7a8-422d-932a-63a3af07e453","Cadeira Flexora com Flexão de Quadril Unilateral","posterior de coxa","risk_regions","low_back","quadril_dominante","P3","","low_back_pain","Perdigueiro Alternado; Prancha Frontal; Extensão de Quadril Banco Romano","RDL Halteres; Elevação Pélvica Máquina; Mesa Flexora","Progredir reps antes de carga; manter coluna neutra; dor <= 3","machine","","needs_review","Consolidado de: risk_regions"
"6c0996c0-b774-47c0-99e4-f6c3bff1a9c8","Cadeira Flexora Unilateral","posterior de coxa","risk_regions","low_back","quadril_dominante","P3","","low_back_pain","Perdigueiro Alternado; Prancha Frontal; Extensão de Quadril Banco Romano","RDL Halteres; Elevação Pélvica Máquina; Mesa Flexora","Progredir reps antes de carga; manter coluna neutra; dor <= 3","machine","","needs_review","Consolidado de: risk_regions"
"1a213f58-784c-4218-83fc-6e11a5666275","Flexora na Bola","posterior de coxa","risk_regions","low_back","quadril_dominante","P3","","low_back_pain","Perdigueiro Alternado; Prancha Frontal; Extensão de Quadril Banco Romano","RDL Halteres; Elevação Pélvica Máquina; Mesa Flexora","Progredir reps antes de carga; manter coluna neutra; dor <= 3","","","needs_review","Consolidado de: risk_regions"
"5348bcf1-9421-493c-a7d9-74b5d89b828e","Flexora Unilateral com Caneleira","posterior de coxa","risk_regions","low_back","quadril_dominante","P3","","low_back_pain","Perdigueiro Alternado; Prancha Frontal; Extensão de Quadril Banco Romano","RDL Halteres; Elevação Pélvica Máquina; Mesa Flexora","Progredir reps antes de carga; manter coluna neutra; dor <= 3","bodyweight","","needs_review","Consolidado de: risk_regions"
"53548f57-bd76-48e6-8562-6b6333fab861","Flexora Unilateral em Pé","posterior de coxa","risk_regions","low_back","quadril_dominante","P3","","low_back_pain","Perdigueiro Alternado; Prancha Frontal; Extensão de Quadril Banco Romano","RDL Halteres; Elevação Pélvica Máquina; Mesa Flexora","Progredir reps antes de carga; manter coluna neutra; dor <= 3","","","needs_review","Consolidado de: risk_regions"
"927f5612-8822-4dd9-a980-59300c897fab","Flexora Unilateral na Bola","posterior de coxa","risk_regions","low_back","quadril_dominante","P3","","low_back_pain","Perdigueiro Alternado; Prancha Frontal; Extensão de Quadril Banco Romano","RDL Halteres; Elevação Pélvica Máquina; Mesa Flexora","Progredir reps antes de carga; manter coluna neutra; dor <= 3","","","needs_review","Consolidado de: risk_regions"
"4722c027-4a82-4113-b7da-6e3ed5ae3bda","Mesa Flexora Unilateral","posterior de coxa","risk_regions","low_back","quadril_dominante","P3","","low_back_pain","Perdigueiro Alternado; Prancha Frontal; Extensão de Quadril Banco Romano","RDL Halteres; Elevação Pélvica Máquina; Mesa Flexora","Progredir reps antes de carga; manter coluna neutra; dor <= 3","","","needs_review","Consolidado de: risk_regions"
"ed98f29a-71c5-4708-90ef-6b8485707028","Mobilidade Hiperextensão Lombar","mobilidade","risk_regions","low_back","isolado_acessorio","P3","","low_back_pain","Perdigueiro Alternado; Prancha Frontal; Extensão de Quadril Banco Romano","RDL Halteres; Elevação Pélvica Máquina; Mesa Flexora","Progredir reps antes de carga; manter coluna neutra; dor <= 3","bodyweight","","needs_review","Consolidado de: risk_regions"
"49fbaae9-ff6f-468a-ad2b-c6c7ee357bfe","Nórdico","posterior de coxa","risk_regions","low_back","quadril_dominante","P2","","low_back_pain; trunk_lean","Perdigueiro Alternado; Prancha Frontal; Extensão de Quadril Banco Romano","RDL Halteres; Elevação Pélvica Máquina; Mesa Flexora","Progredir reps antes de carga; manter coluna neutra; dor <= 3","bodyweight","","needs_review","Consolidado de: risk_regions"
"caee0c7f-7b3a-481b-84a0-77d930e8a1a5","Nórdico com Elástico","posterior de coxa","risk_regions","low_back","quadril_dominante","P2","","low_back_pain; trunk_lean","Perdigueiro Alternado; Prancha Frontal; Extensão de Quadril Banco Romano","RDL Halteres; Elevação Pélvica Máquina; Mesa Flexora","Progredir reps antes de carga; manter coluna neutra; dor <= 3","band","","needs_review","Consolidado de: risk_regions"
"ffbf282d-91d7-44fb-b4fe-7775256eca1f","Rack Pulls","posterior de coxa","risk_regions","low_back","quadril_dominante","P1","acute_low_back_pain; loaded_spinal_flexion; high_axial_load","low_back_pain; loaded_spinal_flexion; butt_wink; trunk_lean; axial_load","Perdigueiro Alternado; Prancha Frontal; Extensão de Quadril Banco Romano","RDL Halteres; Elevação Pélvica Máquina; Mesa Flexora","Progredir reps antes de carga; manter coluna neutra; dor <= 3","","","needs_review","Consolidado de: risk_regions"
"4fa767dc-338d-48f0-accc-9088900c2738","Rack Pulls Smith","posterior de coxa","risk_regions","low_back","quadril_dominante","P1","acute_low_back_pain; loaded_spinal_flexion; high_axial_load","low_back_pain; loaded_spinal_flexion; butt_wink; trunk_lean; axial_load","Perdigueiro Alternado; Prancha Frontal; Extensão de Quadril Banco Romano","RDL Halteres; Elevação Pélvica Máquina; Mesa Flexora","Progredir reps antes de carga; manter coluna neutra; dor <= 3","machine","","needs_review","Consolidado de: risk_regions"
"3da3626b-01f8-4fcd-bc73-281255db1d62","RDL B-Stance Barra","posterior de coxa","risk_regions","low_back","quadril_dominante","P1","acute_low_back_pain; loaded_spinal_flexion; high_axial_load","low_back_pain; loaded_spinal_flexion; butt_wink; trunk_lean; axial_load","Perdigueiro Alternado; Prancha Frontal; Extensão de Quadril Banco Romano","RDL Halteres; Elevação Pélvica Máquina; Mesa Flexora","Progredir reps antes de carga; manter coluna neutra; dor <= 3","barbell","","needs_review","Consolidado de: risk_regions"
"506123c3-3d0d-4d4e-91a4-2e2363dd9280","RDL Barra","posterior de coxa","risk_regions","low_back","quadril_dominante","P1","acute_low_back_pain; loaded_spinal_flexion; high_axial_load","low_back_pain; loaded_spinal_flexion; butt_wink; trunk_lean; axial_load","Perdigueiro Alternado; Prancha Frontal; Extensão de Quadril Banco Romano","RDL Halteres; Elevação Pélvica Máquina; Mesa Flexora","Progredir reps antes de carga; manter coluna neutra; dor <= 3","barbell","","needs_review","Consolidado de: risk_regions"
"edaabff8-cd69-4e3c-8658-6a300fd46872","RDL Belt Squat","posterior de coxa","risk_regions","low_back","quadril_dominante","P1","acute_low_back_pain; loaded_spinal_flexion; high_axial_load","low_back_pain; loaded_spinal_flexion; butt_wink; trunk_lean; axial_load","Perdigueiro Alternado; Prancha Frontal; Extensão de Quadril Banco Romano","RDL Halteres; Elevação Pélvica Máquina; Mesa Flexora","Progredir reps antes de carga; manter coluna neutra; dor <= 3","barbell","","needs_review","Consolidado de: risk_regions"
"1e9ca66e-a79c-4885-87f0-049742a63266","RDL Halteres","posterior de coxa","risk_regions","low_back","quadril_dominante","P1","acute_low_back_pain; loaded_spinal_flexion; high_axial_load","low_back_pain; loaded_spinal_flexion; butt_wink; trunk_lean; axial_load","Perdigueiro Alternado; Prancha Frontal; Extensão de Quadril Banco Romano","RDL Halteres; Elevação Pélvica Máquina; Mesa Flexora","Progredir reps antes de carga; manter coluna neutra; dor <= 3","dumbbells","","needs_review","Consolidado de: risk_regions"
"8327a63b-80c4-421a-97d4-7de1a4b667c5","RDL Polia","posterior de coxa","risk_regions","low_back","quadril_dominante","P1","acute_low_back_pain; loaded_spinal_flexion; high_axial_load","low_back_pain; loaded_spinal_flexion; butt_wink; trunk_lean; axial_load","Perdigueiro Alternado; Prancha Frontal; Extensão de Quadril Banco Romano","RDL Halteres; Elevação Pélvica Máquina; Mesa Flexora","Progredir reps antes de carga; manter coluna neutra; dor <= 3","cable","","needs_review","Consolidado de: risk_regions"
"5f51a4d4-44ee-45e1-89ac-ef44712b0c1e","RDL Unilateral","posterior de coxa","risk_regions","low_back","quadril_dominante","P1","acute_low_back_pain; loaded_spinal_flexion; high_axial_load","low_back_pain; loaded_spinal_flexion; butt_wink; trunk_lean; axial_load","Perdigueiro Alternado; Prancha Frontal; Extensão de Quadril Banco Romano","RDL Halteres; Elevação Pélvica Máquina; Mesa Flexora","Progredir reps antes de carga; manter coluna neutra; dor <= 3","","","needs_review","Consolidado de: risk_regions"
"ad2c7265-abc6-44f1-9fb6-d1dd2db714bf","RDL Unilateral com Miniband","posterior de coxa","risk_regions","low_back","quadril_dominante","P1","acute_low_back_pain; loaded_spinal_flexion; high_axial_load","low_back_pain; loaded_spinal_flexion; butt_wink; trunk_lean; axial_load","Perdigueiro Alternado; Prancha Frontal; Extensão de Quadril Banco Romano","RDL Halteres; Elevação Pélvica Máquina; Mesa Flexora","Progredir reps antes de carga; manter coluna neutra; dor <= 3","band","","needs_review","Consolidado de: risk_regions"
"da6ed290-59ef-49c0-a831-51ee224233bf","Stiff Abduzido Barra","posterior de coxa","risk_regions","low_back","quadril_dominante","P1","acute_low_back_pain; loaded_spinal_flexion; high_axial_load","low_back_pain; loaded_spinal_flexion; butt_wink; trunk_lean; axial_load","Perdigueiro Alternado; Prancha Frontal; Extensão de Quadril Banco Romano","RDL Halteres; Elevação Pélvica Máquina; Mesa Flexora","Progredir reps antes de carga; manter coluna neutra; dor <= 3","barbell","","needs_review","Consolidado de: risk_regions"
"03913dfa-9d5c-44b5-9e92-325a1697cc19","Stiff Abduzido Halteres","posterior de coxa","risk_regions","low_back","quadril_dominante","P1","acute_low_back_pain; loaded_spinal_flexion; high_axial_load","low_back_pain; loaded_spinal_flexion; butt_wink; trunk_lean; axial_load","Perdigueiro Alternado; Prancha Frontal; Extensão de Quadril Banco Romano","RDL Halteres; Elevação Pélvica Máquina; Mesa Flexora","Progredir reps antes de carga; manter coluna neutra; dor <= 3","dumbbells","","needs_review","Consolidado de: risk_regions"
"af71347e-48d2-40df-83b4-d77c4dd21ea7","Stiff B-Stance Barra","posterior de coxa","risk_regions","low_back","quadril_dominante","P1","acute_low_back_pain; loaded_spinal_flexion; high_axial_load","low_back_pain; loaded_spinal_flexion; butt_wink; trunk_lean; axial_load","Perdigueiro Alternado; Prancha Frontal; Extensão de Quadril Banco Romano","RDL Halteres; Elevação Pélvica Máquina; Mesa Flexora","Progredir reps antes de carga; manter coluna neutra; dor <= 3","barbell","","needs_review","Consolidado de: risk_regions"
"2aba59cb-6e22-4e64-9b76-f931d0b7d069","Stiff B-Stance Halteres","posterior de coxa","risk_regions","low_back","quadril_dominante","P1","acute_low_back_pain; loaded_spinal_flexion; high_axial_load","low_back_pain; loaded_spinal_flexion; butt_wink; trunk_lean; axial_load","Perdigueiro Alternado; Prancha Frontal; Extensão de Quadril Banco Romano","RDL Halteres; Elevação Pélvica Máquina; Mesa Flexora","Progredir reps antes de carga; manter coluna neutra; dor <= 3","dumbbells","","needs_review","Consolidado de: risk_regions"
"e07a88c2-da55-42e7-935a-1b53261381c6","Stiff Barra","posterior de coxa","risk_regions","low_back","quadril_dominante","P1","acute_low_back_pain; loaded_spinal_flexion; high_axial_load","low_back_pain; loaded_spinal_flexion; butt_wink; trunk_lean; axial_load","Perdigueiro Alternado; Prancha Frontal; Extensão de Quadril Banco Romano","RDL Halteres; Elevação Pélvica Máquina; Mesa Flexora","Progredir reps antes de carga; manter coluna neutra; dor <= 3","barbell","","needs_review","Consolidado de: risk_regions"
"1aebf554-0bd2-42d6-a749-4070c77e128d","Stiff Belt Squat","posterior de coxa","risk_regions","low_back","quadril_dominante","P1","acute_low_back_pain; loaded_spinal_flexion; high_axial_load","low_back_pain; loaded_spinal_flexion; butt_wink; trunk_lean; axial_load","Perdigueiro Alternado; Prancha Frontal; Extensão de Quadril Banco Romano","RDL Halteres; Elevação Pélvica Máquina; Mesa Flexora","Progredir reps antes de carga; manter coluna neutra; dor <= 3","barbell","","needs_review","Consolidado de: risk_regions"
"dc207ca2-b186-4220-b154-63c08c53ea66","Stiff Halteres","posterior de coxa","risk_regions","low_back","quadril_dominante","P1","acute_low_back_pain; loaded_spinal_flexion; high_axial_load","low_back_pain; loaded_spinal_flexion; butt_wink; trunk_lean; axial_load","Perdigueiro Alternado; Prancha Frontal; Extensão de Quadril Banco Romano","RDL Halteres; Elevação Pélvica Máquina; Mesa Flexora","Progredir reps antes de carga; manter coluna neutra; dor <= 3","dumbbells","","needs_review","Consolidado de: risk_regions"
"26ac45b4-4a3c-49f4-a68e-20e87a00252a","Stiff Invertido Belt Squat","posterior de coxa","risk_regions","low_back","quadril_dominante","P1","acute_low_back_pain; loaded_spinal_flexion; high_axial_load","low_back_pain; loaded_spinal_flexion; butt_wink; trunk_lean; axial_load","Perdigueiro Alternado; Prancha Frontal; Extensão de Quadril Banco Romano","RDL Halteres; Elevação Pélvica Máquina; Mesa Flexora","Progredir reps antes de carga; manter coluna neutra; dor <= 3","barbell","","needs_review","Consolidado de: risk_regions"
"e72c6531-5b99-4757-9a7d-efaa5d4bfdbf","Stiff Polia","posterior de coxa","risk_regions","low_back","quadril_dominante","P1","acute_low_back_pain; loaded_spinal_flexion; high_axial_load","low_back_pain; loaded_spinal_flexion; butt_wink; trunk_lean; axial_load","Perdigueiro Alternado; Prancha Frontal; Extensão de Quadril Banco Romano","RDL Halteres; Elevação Pélvica Máquina; Mesa Flexora","Progredir reps antes de carga; manter coluna neutra; dor <= 3","cable","","needs_review","Consolidado de: risk_regions"
"fc025e5f-41e3-41df-8dc7-0d2507f26f17","Stiff Smith","posterior de coxa","risk_regions","low_back","quadril_dominante","P1","acute_low_back_pain; loaded_spinal_flexion; high_axial_load","low_back_pain; loaded_spinal_flexion; butt_wink; trunk_lean; axial_load","Perdigueiro Alternado; Prancha Frontal; Extensão de Quadril Banco Romano","RDL Halteres; Elevação Pélvica Máquina; Mesa Flexora","Progredir reps antes de carga; manter coluna neutra; dor <= 3","machine","","needs_review","Consolidado de: risk_regions"
"40f6085e-6038-403a-9419-bc67731defea","Stiff Unilateral (Aviãozinho)","posterior de coxa","risk_regions","low_back","quadril_dominante","P1","acute_low_back_pain; loaded_spinal_flexion; high_axial_load","low_back_pain; loaded_spinal_flexion; butt_wink; trunk_lean; axial_load","Perdigueiro Alternado; Prancha Frontal; Extensão de Quadril Banco Romano","RDL Halteres; Elevação Pélvica Máquina; Mesa Flexora","Progredir reps antes de carga; manter coluna neutra; dor <= 3","","","needs_review","Consolidado de: risk_regions"
"18248fd8-94bb-46c6-a567-de54ce6103d7","Stiff Unilateral com Apoio","posterior de coxa","risk_regions","low_back","quadril_dominante","P1","acute_low_back_pain; loaded_spinal_flexion; high_axial_load","low_back_pain; loaded_spinal_flexion; butt_wink; trunk_lean; axial_load","Perdigueiro Alternado; Prancha Frontal; Extensão de Quadril Banco Romano","RDL Halteres; Elevação Pélvica Máquina; Mesa Flexora","Progredir reps antes de carga; manter coluna neutra; dor <= 3","","","needs_review","Consolidado de: risk_regions"
"a3960993-b603-403e-acc2-df84a2aceb6b","Superman","lombar","risk_regions","low_back","core","P3","","low_back_pain","Perdigueiro Alternado; Prancha Frontal; Extensão de Quadril Banco Romano","RDL Halteres; Elevação Pélvica Máquina; Mesa Flexora","Progredir reps antes de carga; manter coluna neutra; dor <= 3","bodyweight","","needs_review","Consolidado de: risk_regions"
"80653a6c-1c38-4e90-9805-d9c9e75eef83","Superman W e Y","lombar","risk_regions","low_back","core","P3","","low_back_pain","Perdigueiro Alternado; Prancha Frontal; Extensão de Quadril Banco Romano","RDL Halteres; Elevação Pélvica Máquina; Mesa Flexora","Progredir reps antes de carga; manter coluna neutra; dor <= 3","bodyweight","","needs_review","Consolidado de: risk_regions"
"86749ad4-f622-4978-9c84-9ed335b13cff","Biset Cross Over + Supino Banco 90","peitoral","risk_regions","shoulder","empurrar_horizontal","P2","","shoulder_pain; scapular_control","Elevação Lateral Halteres; Face Pull Corda; Manguito Externo","Supino Reto Máquina; Supino Inclinado Máquina; Voador","Progredir reps antes de carga; ROM indolor; controle escapular","cable","","needs_review","Consolidado de: risk_regions"
"826d88a4-7f2f-45bd-927f-5e5cc5910626","Biset Cross Over + Supino Inclinado Banco 45","peitoral","risk_regions","shoulder","empurrar_horizontal","P2","","shoulder_pain; scapular_control","Elevação Lateral Halteres; Face Pull Corda; Manguito Externo","Supino Reto Máquina; Supino Inclinado Máquina; Voador","Progredir reps antes de carga; ROM indolor; controle escapular","cable","","needs_review","Consolidado de: risk_regions"
"63374ce3-a255-4e87-9c76-2e23cd15a4ec","Biset Cross Over + Supino Inclinado Neutro Banco 45","peitoral","risk_regions","shoulder","empurrar_horizontal","P2","","shoulder_pain; scapular_control","Elevação Lateral Halteres; Face Pull Corda; Manguito Externo","Supino Reto Máquina; Supino Inclinado Máquina; Voador","Progredir reps antes de carga; ROM indolor; controle escapular","cable","","needs_review","Consolidado de: risk_regions"
"90c13080-6ab3-4b9c-982f-984c50e224bc","Biset Crucifixo Inclinado + Supino Inclinado Halteres","peitoral","risk_regions","shoulder","empurrar_horizontal","P2","","shoulder_pain; scapular_control","Elevação Lateral Halteres; Face Pull Corda; Manguito Externo","Supino Reto Máquina; Supino Inclinado Máquina; Voador","Progredir reps antes de carga; ROM indolor; controle escapular","dumbbells","","needs_review","Consolidado de: risk_regions"
"759f84c5-4c58-4f67-a789-ec64fcc960e7","Biset Elevação Lateral Sentado 90 + Inclinada","ombro","risk_regions","shoulder","isolado_acessorio","P3","","shoulder_pain","Elevação Lateral Halteres; Face Pull Corda; Manguito Externo","Elevação Lateral Halteres; Face Pull Corda; Manguito Externo","Progredir reps antes de carga; ROM indolor; controle escapular","","","needs_review","Consolidado de: risk_regions"
"f6b33aae-c260-4759-b01c-ce85a045b9ab","Biset Tríceps Testa + Supino Fechado Barra","tríceps","risk_regions","shoulder","empurrar_horizontal","P2","","shoulder_pain; scapular_control","Elevação Lateral Halteres; Face Pull Corda; Manguito Externo","Supino Reto Máquina; Supino Inclinado Máquina; Voador","Progredir reps antes de carga; ROM indolor; controle escapular","barbell","","needs_review","Consolidado de: risk_regions"
"64ea4d35-daa5-4d8a-916f-cdd3784d29e2","Biset Tríceps Testa + Supino Fechado Halteres","tríceps","risk_regions","shoulder","empurrar_horizontal","P2","","shoulder_pain; scapular_control","Elevação Lateral Halteres; Face Pull Corda; Manguito Externo","Supino Reto Máquina; Supino Inclinado Máquina; Voador","Progredir reps antes de carga; ROM indolor; controle escapular","dumbbells","","needs_review","Consolidado de: risk_regions"
"aa78feb2-704f-451a-9c40-f5ef29d2568d","Cross Over Inclinado Banco 45","peitoral","risk_regions","shoulder","empurrar_horizontal","P2","","shoulder_pain; scapular_control","Elevação Lateral Halteres; Face Pull Corda; Manguito Externo","Supino Reto Máquina; Supino Inclinado Máquina; Voador","Progredir reps antes de carga; ROM indolor; controle escapular","cable","","needs_review","Consolidado de: risk_regions"
"b5528218-4bd6-4f43-83a7-6be9663a6de1","Cross Over Medial","peitoral","risk_regions","shoulder","empurrar_horizontal","P2","","shoulder_pain; scapular_control","Elevação Lateral Halteres; Face Pull Corda; Manguito Externo","Supino Reto Máquina; Supino Inclinado Máquina; Voador","Progredir reps antes de carga; ROM indolor; controle escapular","cable","","needs_review","Consolidado de: risk_regions"
"8f5a324b-b573-4b6b-87f6-49461b8cdbce","Cross Over Medial Banco 90","peitoral","risk_regions","shoulder","empurrar_horizontal","P2","","shoulder_pain; scapular_control","Elevação Lateral Halteres; Face Pull Corda; Manguito Externo","Supino Reto Máquina; Supino Inclinado Máquina; Voador","Progredir reps antes de carga; ROM indolor; controle escapular","cable","","needs_review","Consolidado de: risk_regions"
"b551a0d4-326f-4b4c-b909-8af4929130b2","Cross Over Polia Alta","peitoral","risk_regions","shoulder","empurrar_horizontal","P2","","shoulder_pain; scapular_control","Elevação Lateral Halteres; Face Pull Corda; Manguito Externo","Supino Reto Máquina; Supino Inclinado Máquina; Voador","Progredir reps antes de carga; ROM indolor; controle escapular","cable","","needs_review","Consolidado de: risk_regions"
"b10456d7-2463-41ee-9087-f7cf42006a00","Cross Over Polia Alta 3 Porções","peitoral","risk_regions","shoulder","empurrar_horizontal","P2","","shoulder_pain; scapular_control","Elevação Lateral Halteres; Face Pull Corda; Manguito Externo","Supino Reto Máquina; Supino Inclinado Máquina; Voador","Progredir reps antes de carga; ROM indolor; controle escapular","cable","","needs_review","Consolidado de: risk_regions"
"ea93a5a1-a755-4c12-8b5e-33a4741a7593","Cross Over Supinado","peitoral","risk_regions","shoulder","empurrar_horizontal","P2","","shoulder_pain; scapular_control","Elevação Lateral Halteres; Face Pull Corda; Manguito Externo","Supino Reto Máquina; Supino Inclinado Máquina; Voador","Progredir reps antes de carga; ROM indolor; controle escapular","cable","","needs_review","Consolidado de: risk_regions"
"c2df4c00-a3c7-4ed2-9310-a58b1971fa6f","Crucifixo Inclinado Halteres","peitoral","risk_regions","shoulder","empurrar_horizontal","P2","","shoulder_pain; scapular_control","Elevação Lateral Halteres; Face Pull Corda; Manguito Externo","Supino Reto Máquina; Supino Inclinado Máquina; Voador","Progredir reps antes de carga; ROM indolor; controle escapular","dumbbells","","needs_review","Consolidado de: risk_regions"
"8fece0e9-3907-4f54-86b4-54a088cb0540","Crucifixo Invertido com Peito no Banco","ombro","risk_regions","shoulder","isolado_acessorio","P3","","shoulder_pain","Elevação Lateral Halteres; Face Pull Corda; Manguito Externo","Elevação Lateral Halteres; Face Pull Corda; Manguito Externo","Progredir reps antes de carga; ROM indolor; controle escapular","","","needs_review","Consolidado de: risk_regions"
"8a461d7f-c174-4488-8dca-b4339ad26c81","Crucifixo Invertido Cruzado Polia","ombro","risk_regions","shoulder","isolado_acessorio","P3","","shoulder_pain","Elevação Lateral Halteres; Face Pull Corda; Manguito Externo","Elevação Lateral Halteres; Face Pull Corda; Manguito Externo","Progredir reps antes de carga; ROM indolor; controle escapular","cable","","needs_review","Consolidado de: risk_regions"
"cad889ac-c8da-4654-b27a-41555e10f212","Crucifixo Invertido Curvado","ombro","risk_regions","shoulder","isolado_acessorio","P3","","shoulder_pain","Elevação Lateral Halteres; Face Pull Corda; Manguito Externo","Elevação Lateral Halteres; Face Pull Corda; Manguito Externo","Progredir reps antes de carga; ROM indolor; controle escapular","","","needs_review","Consolidado de: risk_regions"
"6e9fdaca-5bfb-420c-b5bf-5beddcce6c05","Crucifixo Invertido Sentado","ombro","risk_regions","shoulder","isolado_acessorio","P3","","shoulder_pain","Elevação Lateral Halteres; Face Pull Corda; Manguito Externo","Elevação Lateral Halteres; Face Pull Corda; Manguito Externo","Progredir reps antes de carga; ROM indolor; controle escapular","","","needs_review","Consolidado de: risk_regions"
"b5265c3f-05a3-4fdc-834a-2b6f0c69d12b","Crucifixo Invertido Unilateral Polia","ombro","risk_regions","shoulder","isolado_acessorio","P3","","shoulder_pain","Elevação Lateral Halteres; Face Pull Corda; Manguito Externo","Elevação Lateral Halteres; Face Pull Corda; Manguito Externo","Progredir reps antes de carga; ROM indolor; controle escapular","cable","","needs_review","Consolidado de: risk_regions"
"430e38a3-2815-45b1-af80-712184dd17c2","Crucifixo Reto Halteres","peitoral","risk_regions","shoulder","empurrar_horizontal","P2","","shoulder_pain; scapular_control","Elevação Lateral Halteres; Face Pull Corda; Manguito Externo","Supino Reto Máquina; Supino Inclinado Máquina; Voador","Progredir reps antes de carga; ROM indolor; controle escapular","dumbbells","","needs_review","Consolidado de: risk_regions"
"ed0553ab-2073-41b1-92e7-d9856c2daa26","Elevação Frontal Barra","ombro","risk_regions","shoulder","isolado_acessorio","P3","","shoulder_pain","Elevação Lateral Halteres; Face Pull Corda; Manguito Externo","Elevação Lateral Halteres; Face Pull Corda; Manguito Externo","Progredir reps antes de carga; ROM indolor; controle escapular","barbell","","needs_review","Consolidado de: risk_regions"
"713da3c2-14c9-4d74-8f7e-8a35d7ca21dd","Elevação Frontal Halteres Neutra","ombro","risk_regions","shoulder","isolado_acessorio","P3","","shoulder_pain","Elevação Lateral Halteres; Face Pull Corda; Manguito Externo","Elevação Lateral Halteres; Face Pull Corda; Manguito Externo","Progredir reps antes de carga; ROM indolor; controle escapular","dumbbells","","needs_review","Consolidado de: risk_regions"
"124415c1-13d6-4df1-a464-96a66467db66","Elevação Frontal Neutra Alternada Em Pé","ombro","risk_regions","shoulder","isolado_acessorio","P3","","shoulder_pain","Elevação Lateral Halteres; Face Pull Corda; Manguito Externo","Elevação Lateral Halteres; Face Pull Corda; Manguito Externo","Progredir reps antes de carga; ROM indolor; controle escapular","","","needs_review","Consolidado de: risk_regions"
"f42f0dfc-d75e-475f-bacb-ec5f05b321d5","Elevação Frontal Neutra Alternada Sentado","ombro","risk_regions","shoulder","isolado_acessorio","P3","","shoulder_pain","Elevação Lateral Halteres; Face Pull Corda; Manguito Externo","Elevação Lateral Halteres; Face Pull Corda; Manguito Externo","Progredir reps antes de carga; ROM indolor; controle escapular","","","needs_review","Consolidado de: risk_regions"
"cfb03da0-4462-422e-ad32-3f4abdbc29e8","Elevação Frontal Neutra para Pronada Alternada em pé","ombro","risk_regions","shoulder","isolado_acessorio","P3","","shoulder_pain","Elevação Lateral Halteres; Face Pull Corda; Manguito Externo","Elevação Lateral Halteres; Face Pull Corda; Manguito Externo","Progredir reps antes de carga; ROM indolor; controle escapular","","","needs_review","Consolidado de: risk_regions"
"f1dc1f36-8d03-4ff6-ac34-623682e09b69","Elevação Frontal Neutra para Pronada Alternada Sentado","ombro","risk_regions","shoulder","isolado_acessorio","P3","","shoulder_pain","Elevação Lateral Halteres; Face Pull Corda; Manguito Externo","Elevação Lateral Halteres; Face Pull Corda; Manguito Externo","Progredir reps antes de carga; ROM indolor; controle escapular","","","needs_review","Consolidado de: risk_regions"
"67c8c3af-c2ef-4908-b7e5-e1815d1acf2b","Elevação Frontal Neutra para pronada em pé","ombro","risk_regions","shoulder","isolado_acessorio","P3","","shoulder_pain","Elevação Lateral Halteres; Face Pull Corda; Manguito Externo","Elevação Lateral Halteres; Face Pull Corda; Manguito Externo","Progredir reps antes de carga; ROM indolor; controle escapular","","","needs_review","Consolidado de: risk_regions"
"e19e6c38-e490-464b-9e87-c6b3b37bc02c","Elevação Frontal Neutra para pronada sentado","ombro","risk_regions","shoulder","isolado_acessorio","P3","","shoulder_pain","Elevação Lateral Halteres; Face Pull Corda; Manguito Externo","Elevação Lateral Halteres; Face Pull Corda; Manguito Externo","Progredir reps antes de carga; ROM indolor; controle escapular","","","needs_review","Consolidado de: risk_regions"
"3b990b66-f39e-4954-8d21-0b644fd67bb9","Elevação Frontal Neutra Sentado","ombro","risk_regions","shoulder","isolado_acessorio","P3","","shoulder_pain","Elevação Lateral Halteres; Face Pull Corda; Manguito Externo","Elevação Lateral Halteres; Face Pull Corda; Manguito Externo","Progredir reps antes de carga; ROM indolor; controle escapular","","","needs_review","Consolidado de: risk_regions"
"e0a19df2-2e2c-4e5a-930b-3512059b2320","Elevação Frontal Polia Barra","ombro","risk_regions","shoulder","isolado_acessorio","P3","","shoulder_pain","Elevação Lateral Halteres; Face Pull Corda; Manguito Externo","Elevação Lateral Halteres; Face Pull Corda; Manguito Externo","Progredir reps antes de carga; ROM indolor; controle escapular","cable","","needs_review","Consolidado de: risk_regions"
"f7503557-0c4c-4417-b6e0-594b6cc30dbf","Elevação Frontal Polia Corda","ombro","risk_regions","shoulder","isolado_acessorio","P3","","shoulder_pain","Elevação Lateral Halteres; Face Pull Corda; Manguito Externo","Elevação Lateral Halteres; Face Pull Corda; Manguito Externo","Progredir reps antes de carga; ROM indolor; controle escapular","cable","","needs_review","Consolidado de: risk_regions"
"8e92cb95-dc37-49d8-857b-5f0f36eef8ca","Elevação Frontal Pronada Em Pé","ombro","risk_regions","shoulder","isolado_acessorio","P3","","shoulder_pain","Elevação Lateral Halteres; Face Pull Corda; Manguito Externo","Elevação Lateral Halteres; Face Pull Corda; Manguito Externo","Progredir reps antes de carga; ROM indolor; controle escapular","","","needs_review","Consolidado de: risk_regions"
"c3a857e7-c410-47d2-8aef-6dd7cb1ff9fc","Elevação Frontal Unilateral Polia","ombro","risk_regions","shoulder","isolado_acessorio","P3","","shoulder_pain","Elevação Lateral Halteres; Face Pull Corda; Manguito Externo","Elevação Lateral Halteres; Face Pull Corda; Manguito Externo","Progredir reps antes de carga; ROM indolor; controle escapular","cable","","needs_review","Consolidado de: risk_regions"
"944b34f5-829c-4a5f-813b-3a4c90ed5e5b","Elevação Lateral Banco 45","ombro","risk_regions","shoulder","isolado_acessorio","P3","","shoulder_pain","Elevação Lateral Halteres; Face Pull Corda; Manguito Externo","Elevação Lateral Halteres; Face Pull Corda; Manguito Externo","Progredir reps antes de carga; ROM indolor; controle escapular","","","needs_review","Consolidado de: risk_regions"
"990793df-0bdf-4afa-8b70-65117c9a5a2a","Elevação Lateral Cruzada Polia","ombro","risk_regions","shoulder","isolado_acessorio","P3","","shoulder_pain","Elevação Lateral Halteres; Face Pull Corda; Manguito Externo","Elevação Lateral Halteres; Face Pull Corda; Manguito Externo","Progredir reps antes de carga; ROM indolor; controle escapular","cable","","needs_review","Consolidado de: risk_regions"
"ab9d410a-e940-4d2c-b86a-e6b14a581fd7","Elevação Lateral Halteres Inclinada Sentado","ombro","risk_regions","shoulder","isolado_acessorio","P3","","shoulder_pain","Elevação Lateral Halteres; Face Pull Corda; Manguito Externo","Elevação Lateral Halteres; Face Pull Corda; Manguito Externo","Progredir reps antes de carga; ROM indolor; controle escapular","dumbbells","","needs_review","Consolidado de: risk_regions"
"bac1aae2-266d-4ebc-82ea-1bce6b01e70c","Elevação Lateral Halteres Sentado","ombro","risk_regions","shoulder","isolado_acessorio","P3","","shoulder_pain","Elevação Lateral Halteres; Face Pull Corda; Manguito Externo","Elevação Lateral Halteres; Face Pull Corda; Manguito Externo","Progredir reps antes de carga; ROM indolor; controle escapular","dumbbells","","needs_review","Consolidado de: risk_regions"
"4d6e1ebd-b611-4a8d-bee2-c16fa7a8b8a4","Elevação Lateral Inclinada Polia","ombro","risk_regions","shoulder","isolado_acessorio","P3","","shoulder_pain","Elevação Lateral Halteres; Face Pull Corda; Manguito Externo","Elevação Lateral Halteres; Face Pull Corda; Manguito Externo","Progredir reps antes de carga; ROM indolor; controle escapular","cable","","needs_review","Consolidado de: risk_regions"
"7b06658f-12bb-4cd4-b749-ac2c38c5dfc9","Elevação Lateral Máquina","ombro","risk_regions","shoulder","isolado_acessorio","P3","","shoulder_pain","Elevação Lateral Halteres; Face Pull Corda; Manguito Externo","Elevação Lateral Halteres; Face Pull Corda; Manguito Externo","Progredir reps antes de carga; ROM indolor; controle escapular","machine","","needs_review","Consolidado de: risk_regions"
"173e23bb-4e7b-484e-b740-304ed542bc76","Elevação Lateral Neutra Halteres","ombro","risk_regions","shoulder","isolado_acessorio","P3","","shoulder_pain","Elevação Lateral Halteres; Face Pull Corda; Manguito Externo","Elevação Lateral Halteres; Face Pull Corda; Manguito Externo","Progredir reps antes de carga; ROM indolor; controle escapular","dumbbells","","needs_review","Consolidado de: risk_regions"
"6cf9d1c8-14d4-4785-8e37-96193e44557d","Elevação Lateral Peito no Banco","ombro","risk_regions","shoulder","isolado_acessorio","P3","","shoulder_pain","Elevação Lateral Halteres; Face Pull Corda; Manguito Externo","Elevação Lateral Halteres; Face Pull Corda; Manguito Externo","Progredir reps antes de carga; ROM indolor; controle escapular","","","needs_review","Consolidado de: risk_regions"
"5a700771-7bf1-4c3e-8397-072a0aa98c75","Elevação Lateral Polia","ombro","risk_regions","shoulder","isolado_acessorio","P3","","shoulder_pain","Elevação Lateral Halteres; Face Pull Corda; Manguito Externo","Elevação Lateral Halteres; Face Pull Corda; Manguito Externo","Progredir reps antes de carga; ROM indolor; controle escapular","cable","","needs_review","Consolidado de: risk_regions"
"275a185a-b011-4813-833f-a5a0854ab052","Elevação Lateral Unilateral Inclinada","ombro","risk_regions","shoulder","isolado_acessorio","P3","","shoulder_pain","Elevação Lateral Halteres; Face Pull Corda; Manguito Externo","Elevação Lateral Halteres; Face Pull Corda; Manguito Externo","Progredir reps antes de carga; ROM indolor; controle escapular","","","needs_review","Consolidado de: risk_regions"
"c5888208-17b3-4b1a-9b20-6b1214c89b6d","Face Pull Corda","ombro","risk_regions","shoulder","isolado_acessorio","P3","","shoulder_pain","Elevação Lateral Halteres; Face Pull Corda; Manguito Externo","Elevação Lateral Halteres; Face Pull Corda; Manguito Externo","Progredir reps antes de carga; ROM indolor; controle escapular","cable","","needs_review","Consolidado de: risk_regions"
"c36dcbec-494a-4240-bbb3-c8098ae7902e","Face Pull Polia Alta","ombro","risk_regions","shoulder","isolado_acessorio","P3","","shoulder_pain","Elevação Lateral Halteres; Face Pull Corda; Manguito Externo","Elevação Lateral Halteres; Face Pull Corda; Manguito Externo","Progredir reps antes de carga; ROM indolor; controle escapular","cable","","needs_review","Consolidado de: risk_regions"
"277c2674-93e2-4aac-aa67-1c8ee82d0c55","Flexão Aberta","peitoral","risk_regions","shoulder","empurrar_horizontal","P2","","shoulder_pain; scapular_control","Elevação Lateral Halteres; Face Pull Corda; Manguito Externo","Supino Reto Máquina; Supino Inclinado Máquina; Voador","Progredir reps antes de carga; ROM indolor; controle escapular","bodyweight","","needs_review","Consolidado de: risk_regions"
"22b81e41-787c-467f-9cdf-73a3c26da25e","Flexão Aberta Smith","peitoral","risk_regions","shoulder","empurrar_horizontal","P2","","shoulder_pain; scapular_control","Elevação Lateral Halteres; Face Pull Corda; Manguito Externo","Supino Reto Máquina; Supino Inclinado Máquina; Voador","Progredir reps antes de carga; ROM indolor; controle escapular","machine","","needs_review","Consolidado de: risk_regions"
"0bc88428-34f7-48c8-ac8e-ed3d235b109a","Manguito Externo","ombro","risk_regions","shoulder","isolado_acessorio","P3","","shoulder_pain","Elevação Lateral Halteres; Face Pull Corda; Manguito Externo","Elevação Lateral Halteres; Face Pull Corda; Manguito Externo","Progredir reps antes de carga; ROM indolor; controle escapular","","","needs_review","Consolidado de: risk_regions"
"fb2ba2b0-82b0-4c48-a8c6-f736ccadcec1","Manguito Externo em Diagonal","ombro","risk_regions","shoulder","isolado_acessorio","P3","","shoulder_pain","Elevação Lateral Halteres; Face Pull Corda; Manguito Externo","Elevação Lateral Halteres; Face Pull Corda; Manguito Externo","Progredir reps antes de carga; ROM indolor; controle escapular","","","needs_review","Consolidado de: risk_regions"
"ef875bb7-80df-4daf-9b00-1cc56e8ebf12","Mobilidade de Ombro com Bastão/Elástico","mobilidade","risk_regions","shoulder","isolado_acessorio","P3","","shoulder_pain","Elevação Lateral Halteres; Face Pull Corda; Manguito Externo","Elevação Lateral Halteres; Face Pull Corda; Manguito Externo","Progredir reps antes de carga; ROM indolor; controle escapular","band","","needs_review","Consolidado de: risk_regions"
"e4f4ba1d-68c8-47c9-95d9-1dc2d46599ad","Mobilidade de Ombro com Toque de Mãos","mobilidade","risk_regions","shoulder","isolado_acessorio","P3","","shoulder_pain","Elevação Lateral Halteres; Face Pull Corda; Manguito Externo","Elevação Lateral Halteres; Face Pull Corda; Manguito Externo","Progredir reps antes de carga; ROM indolor; controle escapular","bodyweight","","needs_review","Consolidado de: risk_regions"
"81ccbed4-e39d-4a4e-bc95-71139de3273c","Mobilidade de Ombro Rotação Externa com Bastão","mobilidade","risk_regions","shoulder","isolado_acessorio","P3","","shoulder_pain","Elevação Lateral Halteres; Face Pull Corda; Manguito Externo","Elevação Lateral Halteres; Face Pull Corda; Manguito Externo","Progredir reps antes de carga; ROM indolor; controle escapular","bodyweight","","needs_review","Consolidado de: risk_regions"
"c7d00c36-12dc-4a88-814b-045b1b853a44","Mobilidade de Ombro Rotação Solo","mobilidade","risk_regions","shoulder","isolado_acessorio","P3","","shoulder_pain","Elevação Lateral Halteres; Face Pull Corda; Manguito Externo","Elevação Lateral Halteres; Face Pull Corda; Manguito Externo","Progredir reps antes de carga; ROM indolor; controle escapular","bodyweight","","needs_review","Consolidado de: risk_regions"
"bbb26a3d-72ad-4f47-9b9c-3abb7ea70af9","Mobilidade de Ombro W","mobilidade","risk_regions","shoulder","isolado_acessorio","P3","","shoulder_pain","Elevação Lateral Halteres; Face Pull Corda; Manguito Externo","Elevação Lateral Halteres; Face Pull Corda; Manguito Externo","Progredir reps antes de carga; ROM indolor; controle escapular","bodyweight","","needs_review","Consolidado de: risk_regions"
"0a136fd6-d641-4e21-be1c-dfd2f614b8cc","Paralela Inclinada para Peitoral","peitoral","risk_regions","shoulder","empurrar_horizontal","P2","","shoulder_pain; scapular_control","Elevação Lateral Halteres; Face Pull Corda; Manguito Externo","Supino Reto Máquina; Supino Inclinado Máquina; Voador","Progredir reps antes de carga; ROM indolor; controle escapular","","","needs_review","Consolidado de: risk_regions"
"d5462d44-a75c-4178-8d7c-1df92850cfd2","Prancha Toque de Ombros Cruzado","abdômen","risk_regions","shoulder","isolado_acessorio","P2","","shoulder_pain; scapular_control","Elevação Lateral Halteres; Face Pull Corda; Manguito Externo","Elevação Lateral Halteres; Face Pull Corda; Manguito Externo","Progredir reps antes de carga; ROM indolor; controle escapular","bodyweight","","needs_review","Consolidado de: risk_regions"
"b222ffd2-a90e-47a2-9924-a63381446069","Remada Alta Barra","ombro","risk_regions","cervical; shoulder","isolado_acessorio","P1","acute_shoulder_pain; painful_overhead_press; shoulder_impingement; overhead_limitation","shoulder_pain; shoulder_impingement; overhead_limitation; painful_pressing_rom; cervical_pain","Elevação Lateral Halteres; Face Pull Corda; Manguito Externo","Elevação Lateral Halteres; Face Pull Corda; Manguito Externo","Progredir reps antes de carga; ROM indolor; controle escapular","barbell","Multiplas regioes de risco: shoulder/cervical","needs_review","Consolidado de: risk_regions"
"bc77dd8b-8a5b-49da-987b-2653991d1659","Remada Alta Halteres","ombro","risk_regions","shoulder","isolado_acessorio","P1","acute_shoulder_pain; painful_overhead_press; shoulder_impingement; overhead_limitation","shoulder_pain; shoulder_impingement; overhead_limitation; painful_pressing_rom","Elevação Lateral Halteres; Face Pull Corda; Manguito Externo","Elevação Lateral Halteres; Face Pull Corda; Manguito Externo","Progredir reps antes de carga; ROM indolor; controle escapular","dumbbells","","needs_review","Consolidado de: risk_regions"
"ce8529f2-dd0e-4c7c-8110-d2505d84bfe2","Remada Alta Máquina","ombro","risk_regions","shoulder","isolado_acessorio","P1","acute_shoulder_pain; painful_overhead_press; shoulder_impingement; overhead_limitation","shoulder_pain; shoulder_impingement; overhead_limitation; painful_pressing_rom","Elevação Lateral Halteres; Face Pull Corda; Manguito Externo","Elevação Lateral Halteres; Face Pull Corda; Manguito Externo","Progredir reps antes de carga; ROM indolor; controle escapular","machine","","needs_review","Consolidado de: risk_regions"
"e2e6d537-a9ba-4feb-bd2d-f6b7591895c2","Remada Alta no Smith","ombro","risk_regions","shoulder","isolado_acessorio","P1","acute_shoulder_pain; painful_overhead_press; shoulder_impingement; overhead_limitation","shoulder_pain; shoulder_impingement; overhead_limitation; painful_pressing_rom","Elevação Lateral Halteres; Face Pull Corda; Manguito Externo","Elevação Lateral Halteres; Face Pull Corda; Manguito Externo","Progredir reps antes de carga; ROM indolor; controle escapular","machine","","needs_review","Consolidado de: risk_regions"
"6c2e58df-666f-420a-81e2-192929555fdc","Remada Alta Polia","ombro","risk_regions","shoulder","isolado_acessorio","P1","acute_shoulder_pain; painful_overhead_press; shoulder_impingement; overhead_limitation","shoulder_pain; shoulder_impingement; overhead_limitation; painful_pressing_rom","Elevação Lateral Halteres; Face Pull Corda; Manguito Externo","Elevação Lateral Halteres; Face Pull Corda; Manguito Externo","Progredir reps antes de carga; ROM indolor; controle escapular","cable","","needs_review","Consolidado de: risk_regions"
"aefecdad-cc83-4a92-94b7-6408a556b883","Rosca em Hiperextensão de Ombro Polia","bíceps","risk_regions","shoulder","isolado_acessorio","P2","","shoulder_pain; scapular_control","Elevação Lateral Halteres; Face Pull Corda; Manguito Externo","Elevação Lateral Halteres; Face Pull Corda; Manguito Externo","Progredir reps antes de carga; ROM indolor; controle escapular","cable","","needs_review","Consolidado de: risk_regions"
"561114a6-a613-4936-a51e-eda2cf36508b","Supino Declinado Barra","peitoral","risk_regions","shoulder","empurrar_horizontal","P2","","shoulder_pain; scapular_control","Elevação Lateral Halteres; Face Pull Corda; Manguito Externo","Supino Reto Máquina; Supino Inclinado Máquina; Voador","Progredir reps antes de carga; ROM indolor; controle escapular","barbell","","needs_review","Consolidado de: risk_regions"
"5d0985d2-a31d-46ff-9897-d916d74beb06","Supino Declinado Máquina","peitoral","risk_regions","shoulder","empurrar_horizontal","P2","","shoulder_pain; scapular_control","Elevação Lateral Halteres; Face Pull Corda; Manguito Externo","Supino Reto Máquina; Supino Inclinado Máquina; Voador","Progredir reps antes de carga; ROM indolor; controle escapular","machine","","needs_review","Consolidado de: risk_regions"
"1173e1a7-fa43-4cd2-a1fd-811419b9e7d2","Supino Fechado Barra","tríceps","risk_regions","shoulder","empurrar_horizontal","P2","","shoulder_pain; scapular_control","Elevação Lateral Halteres; Face Pull Corda; Manguito Externo","Supino Reto Máquina; Supino Inclinado Máquina; Voador","Progredir reps antes de carga; ROM indolor; controle escapular","barbell","","needs_review","Consolidado de: risk_regions"
"9160b4e1-9fbd-468c-b8e0-bc5868587078","Supino Fechado Halteres","tríceps","risk_regions","shoulder","empurrar_horizontal","P2","","shoulder_pain; scapular_control","Elevação Lateral Halteres; Face Pull Corda; Manguito Externo","Supino Reto Máquina; Supino Inclinado Máquina; Voador","Progredir reps antes de carga; ROM indolor; controle escapular","dumbbells","","needs_review","Consolidado de: risk_regions"
"630de071-ce64-490d-9257-4e1e7260804f","Supino Fechado Smith","tríceps","risk_regions","shoulder","empurrar_horizontal","P2","","shoulder_pain; scapular_control","Elevação Lateral Halteres; Face Pull Corda; Manguito Externo","Supino Reto Máquina; Supino Inclinado Máquina; Voador","Progredir reps antes de carga; ROM indolor; controle escapular","machine","","needs_review","Consolidado de: risk_regions"
"f1fed726-d7ce-4fec-9dcb-9f987df66ca8","Supino Inclinado Barra","peitoral","risk_regions","shoulder","empurrar_horizontal","P2","","shoulder_pain; scapular_control","Elevação Lateral Halteres; Face Pull Corda; Manguito Externo","Supino Reto Máquina; Supino Inclinado Máquina; Voador","Progredir reps antes de carga; ROM indolor; controle escapular","barbell","","needs_review","Consolidado de: risk_regions"
"e28e4c41-5215-4cd6-b642-4322656f228d","Supino Inclinado Cross Over Banco 45","peitoral","risk_regions","shoulder","empurrar_horizontal","P2","","shoulder_pain; scapular_control","Elevação Lateral Halteres; Face Pull Corda; Manguito Externo","Supino Reto Máquina; Supino Inclinado Máquina; Voador","Progredir reps antes de carga; ROM indolor; controle escapular","cable","","needs_review","Consolidado de: risk_regions"
"5c3558f8-01c1-43a4-bf9b-0d6993c80b80","Supino Inclinado Halteres","peitoral","risk_regions","shoulder","empurrar_horizontal","P2","","shoulder_pain; scapular_control","Elevação Lateral Halteres; Face Pull Corda; Manguito Externo","Supino Reto Máquina; Supino Inclinado Máquina; Voador","Progredir reps antes de carga; ROM indolor; controle escapular","dumbbells","","needs_review","Consolidado de: risk_regions"
"ef3553ff-17bc-4309-83ac-c3173f0256e2","Supino Inclinado Neutro Cross Over Banco 45","peitoral","risk_regions","shoulder","empurrar_horizontal","P2","","shoulder_pain; scapular_control","Elevação Lateral Halteres; Face Pull Corda; Manguito Externo","Supino Reto Máquina; Supino Inclinado Máquina; Voador","Progredir reps antes de carga; ROM indolor; controle escapular","cable","","needs_review","Consolidado de: risk_regions"
"bfcb16f7-0b17-43c0-a487-42171c4d7f5c","Supino Inclinado Smith","peitoral","risk_regions","shoulder","empurrar_horizontal","P2","","shoulder_pain; scapular_control","Elevação Lateral Halteres; Face Pull Corda; Manguito Externo","Supino Reto Máquina; Supino Inclinado Máquina; Voador","Progredir reps antes de carga; ROM indolor; controle escapular","machine","","needs_review","Consolidado de: risk_regions"
"34966f6e-48c5-4757-ac4a-d0c9d6c79d23","Supino Inclinado Smith com Dead Stop","peitoral","risk_regions","shoulder","empurrar_horizontal","P2","","shoulder_pain; scapular_control","Elevação Lateral Halteres; Face Pull Corda; Manguito Externo","Supino Reto Máquina; Supino Inclinado Máquina; Voador","Progredir reps antes de carga; ROM indolor; controle escapular","machine","","needs_review","Consolidado de: risk_regions"
"b61721db-87fe-41d8-b13e-f6b5833b8550","Supino Reto Barra","peitoral","risk_regions","shoulder","empurrar_horizontal","P2","","shoulder_pain; scapular_control","Elevação Lateral Halteres; Face Pull Corda; Manguito Externo","Supino Reto Máquina; Supino Inclinado Máquina; Voador","Progredir reps antes de carga; ROM indolor; controle escapular","barbell","","needs_review","Consolidado de: risk_regions"
"2e826822-0e02-42bb-986b-d7b32fe5ec62","Supino Reto Cross Over Banco 90","peitoral","risk_regions","shoulder","empurrar_horizontal","P2","","shoulder_pain; scapular_control","Elevação Lateral Halteres; Face Pull Corda; Manguito Externo","Supino Reto Máquina; Supino Inclinado Máquina; Voador","Progredir reps antes de carga; ROM indolor; controle escapular","cable","","needs_review","Consolidado de: risk_regions"
"8801e0c9-15b8-4b27-8847-1affbef93da8","Supino Reto Halteres","peitoral","risk_regions","shoulder","empurrar_horizontal","P2","","shoulder_pain; scapular_control","Elevação Lateral Halteres; Face Pull Corda; Manguito Externo","Supino Reto Máquina; Supino Inclinado Máquina; Voador","Progredir reps antes de carga; ROM indolor; controle escapular","dumbbells","","needs_review","Consolidado de: risk_regions"
"0f40befe-bf63-4884-b88a-37ebf683386a","Supino Reto Smith","peitoral","risk_regions","shoulder","empurrar_horizontal","P2","","shoulder_pain; scapular_control","Elevação Lateral Halteres; Face Pull Corda; Manguito Externo","Supino Reto Máquina; Supino Inclinado Máquina; Voador","Progredir reps antes de carga; ROM indolor; controle escapular","machine","","needs_review","Consolidado de: risk_regions"
"f5929365-dc60-4617-a45d-c27500404748","Supino Reto Solo","peitoral","risk_regions","shoulder","empurrar_horizontal","P2","","shoulder_pain; scapular_control","Elevação Lateral Halteres; Face Pull Corda; Manguito Externo","Supino Reto Máquina; Supino Inclinado Máquina; Voador","Progredir reps antes de carga; ROM indolor; controle escapular","bodyweight","","needs_review","Consolidado de: risk_regions"
"96d192f2-1d3f-4114-85de-63c3413cb68c","Voador Invertido","ombro","risk_regions","shoulder","isolado_acessorio","P3","","shoulder_pain","Elevação Lateral Halteres; Face Pull Corda; Manguito Externo","Elevação Lateral Halteres; Face Pull Corda; Manguito Externo","Progredir reps antes de carga; ROM indolor; controle escapular","machine","","needs_review","Consolidado de: risk_regions"
"e1ee3cf8-d8a4-4023-8ed2-ee967dacea2a","Y na Polia","ombro","risk_regions","shoulder","isolado_acessorio","P3","","shoulder_pain","Elevação Lateral Halteres; Face Pull Corda; Manguito Externo","Elevação Lateral Halteres; Face Pull Corda; Manguito Externo","Progredir reps antes de carga; ROM indolor; controle escapular","cable","","needs_review","Consolidado de: risk_regions"
